areaType,areaName,areaCode,date,newCasesByPublishDate,cumCasesByPublishDate
nation,England,E92000001,07/07/2021,27516,4334634
nation,England,E92000001,06/07/2021,25295,4307618
nation,England,E92000001,05/07/2021,23286,4282762
nation,England,E92000001,04/07/2021,20454,4259710
nation,England,E92000001,03/07/2021,21317,4239686
nation,England,E92000001,02/07/2021,22393,4218807
nation,England,E92000001,01/07/2021,22948,4196833
nation,England,E92000001,30/06/2021,21293,4174318
nation,England,E92000001,29/06/2021,16802,4153487
nation,England,E92000001,28/06/2021,18702,4136940
nation,England,E92000001,27/06/2021,11560,4118462
nation,England,E92000001,26/06/2021,15136,4107155
nation,England,E92000001,25/06/2021,13498,4092346
nation,England,E92000001,24/06/2021,13068,4079362
nation,England,E92000001,23/06/2021,12765,4066294
nation,England,E92000001,22/06/2021,9096,4053782
nation,England,E92000001,21/06/2021,8766,4044830
nation,England,E92000001,20/06/2021,7778,4036230
nation,England,E92000001,19/06/2021,8954,4028664
nation,England,E92000001,18/06/2021,9185,4019956
nation,England,E92000001,17/06/2021,9371,4010977
nation,England,E92000001,16/06/2021,7642,4001803
nation,England,E92000001,15/06/2021,6486,3994408
nation,England,E92000001,14/06/2021,6647,3988008
nation,England,E92000001,13/06/2021,6269,3981497
nation,England,E92000001,12/06/2021,6601,3975399
nation,England,E92000001,11/06/2021,6782,3968986
nation,England,E92000001,10/06/2021,6436,3962371
nation,England,E92000001,09/06/2021,6201,3956096
nation,England,E92000001,08/06/2021,5250,3950123
nation,England,E92000001,07/06/2021,4913,3944955
nation,England,E92000001,06/06/2021,4405,3940141
nation,England,E92000001,05/06/2021,4810,3935854
nation,England,E92000001,04/06/2021,5102,3931158
nation,England,E92000001,03/06/2021,4310,3926154
nation,England,E92000001,02/06/2021,3486,3921939
nation,England,E92000001,01/06/2021,2539,3918522
nation,England,E92000001,31/05/2021,2854,3916049
nation,England,E92000001,30/05/2021,2621,3913295
nation,England,E92000001,29/05/2021,2747,3910803
nation,England,E92000001,28/05/2021,3434,3908214
nation,England,E92000001,27/05/2021,2936,3904934
nation,England,E92000001,26/05/2021,2540,3902160
nation,England,E92000001,25/05/2021,2081,3899813
nation,England,E92000001,24/05/2021,1972,3897815
nation,England,E92000001,23/05/2021,1734,3895920
nation,England,E92000001,22/05/2021,2242,3894329
nation,England,E92000001,21/05/2021,2303,3892258
nation,England,E92000001,20/05/2021,2307,3890081
nation,England,E92000001,19/05/2021,2151,3887954
nation,England,E92000001,18/05/2021,2008,3886364
nation,England,E92000001,17/05/2021,1645,3889132
nation,England,E92000001,16/05/2021,1471,3887487
nation,England,E92000001,15/05/2021,1614,3886016
nation,England,E92000001,14/05/2021,1828,3884402
nation,England,E92000001,13/05/2021,2229,3882574
nation,England,E92000001,12/05/2021,1804,3880345
nation,England,E92000001,11/05/2021,2117,3878541
nation,England,E92000001,10/05/2021,2009,3876424
nation,England,E92000001,09/05/2021,1418,3874415
nation,England,E92000001,08/05/2021,1742,3872997
nation,England,E92000001,07/05/2021,2142,3871255
nation,England,E92000001,06/05/2021,2194,3869113
nation,England,E92000001,05/05/2021,1906,3866919
nation,England,E92000001,04/05/2021,1659,3865013
nation,England,E92000001,03/05/2021,1453,3863354
nation,England,E92000001,02/05/2021,1377,3861901
nation,England,E92000001,01/05/2021,1642,3860524
nation,England,E92000001,30/04/2021,2046,3858882
nation,England,E92000001,29/04/2021,2103,3856836
nation,England,E92000001,28/04/2021,1829,3854733
nation,England,E92000001,27/04/2021,2410,3852904
nation,England,E92000001,26/04/2021,1752,3850494
nation,England,E92000001,25/04/2021,1401,3848742
nation,England,E92000001,24/04/2021,1804,3847341
nation,England,E92000001,23/04/2021,2277,3845537
nation,England,E92000001,22/04/2021,2315,3843260
nation,England,E92000001,21/04/2021,1943,3840945
nation,England,E92000001,20/04/2021,2169,3839002
nation,England,E92000001,19/04/2021,2550,3836833
nation,England,E92000001,18/04/2021,1495,3834283
nation,England,E92000001,17/04/2021,1897,3832788
nation,England,E92000001,16/04/2021,2225,3830891
nation,England,E92000001,15/04/2021,2171,3828666
nation,England,E92000001,14/04/2021,2054,3826495
nation,England,E92000001,13/04/2021,2070,3824441
nation,England,E92000001,12/04/2021,3222,3822371
nation,England,E92000001,11/04/2021,1338,3819149
nation,England,E92000001,10/04/2021,2032,3817811
nation,England,E92000001,09/04/2021,2638,3815779
nation,England,E92000001,08/04/2021,2486,3821151
nation,England,E92000001,07/04/2021,2304,3818665
nation,England,E92000001,06/04/2021,1937,3816361
nation,England,E92000001,05/04/2021,2236,3814424
nation,England,E92000001,04/04/2021,1954,3812188
nation,England,E92000001,03/04/2021,2847,3810234
nation,England,E92000001,02/04/2021,2881,3807387
nation,England,E92000001,01/04/2021,3784,3804506
nation,England,E92000001,31/03/2021,3327,3800722
nation,England,E92000001,30/03/2021,3384,3797395
nation,England,E92000001,29/03/2021,4112,3794011
nation,England,E92000001,28/03/2021,3153,3789899
nation,England,E92000001,27/03/2021,3813,3786746
nation,England,E92000001,26/03/2021,5273,3783783
nation,England,E92000001,25/03/2021,5286,3778510
nation,England,E92000001,24/03/2021,4615,3773224
nation,England,E92000001,23/03/2021,4583,3768609
nation,England,E92000001,22/03/2021,4746,3764026
nation,England,E92000001,21/03/2021,4459,3759280
nation,England,E92000001,20/03/2021,4732,3754821
nation,England,E92000001,19/03/2021,3809,3750089
nation,England,E92000001,18/03/2021,5213,3746280
nation,England,E92000001,17/03/2021,4827,3741067
nation,England,E92000001,16/03/2021,4391,3736240
nation,England,E92000001,15/03/2021,4264,3731849
nation,England,E92000001,14/03/2021,3774,3727585
nation,England,E92000001,13/03/2021,4539,3723811
nation,England,E92000001,12/03/2021,5529,3719272
nation,England,E92000001,11/03/2021,5744,3713743
nation,England,E92000001,10/03/2021,4863,3707999
nation,England,E92000001,09/03/2021,4894,3703136
nation,England,E92000001,08/03/2021,3903,3698242
nation,England,E92000001,07/03/2021,4497,3694339
nation,England,E92000001,06/03/2021,5118,3689842
nation,England,E92000001,05/03/2021,5053,3684724
nation,England,E92000001,04/03/2021,5643,3679671
nation,England,E92000001,03/03/2021,5408,3674028
nation,England,E92000001,02/03/2021,5530,3668620
nation,England,E92000001,01/03/2021,4738,3663090
nation,England,E92000001,28/02/2021,5080,3658352
nation,England,E92000001,27/02/2021,6527,3653272
nation,England,E92000001,26/02/2021,7393,3646745
nation,England,E92000001,25/02/2021,8623,3639352
nation,England,E92000001,24/02/2021,8644,3630729
nation,England,E92000001,23/02/2021,7292,3622085
nation,England,E92000001,22/02/2021,9420,3614793
nation,England,E92000001,21/02/2021,8408,3605373
nation,England,E92000001,20/02/2021,8964,3596965
nation,England,E92000001,19/02/2021,10296,3588001
nation,England,E92000001,18/02/2021,10740,3577705
nation,England,E92000001,17/02/2021,10926,3566965
nation,England,E92000001,16/02/2021,9236,3556039
nation,England,E92000001,15/02/2021,8609,3546803
nation,England,E92000001,14/02/2021,9499,3538194
nation,England,E92000001,13/02/2021,11697,3528695
nation,England,E92000001,12/02/2021,13299,3516998
nation,England,E92000001,11/02/2021,12001,3503699
nation,England,E92000001,10/02/2021,11551,3491698
nation,England,E92000001,09/02/2021,10916,3480147
nation,England,E92000001,08/02/2021,12270,3469231
nation,England,E92000001,07/02/2021,14466,3456961
nation,England,E92000001,06/02/2021,16302,3442495
nation,England,E92000001,05/02/2021,17314,3426193
nation,England,E92000001,04/02/2021,18529,3408879
nation,England,E92000001,03/02/2021,17265,3390350
nation,England,E92000001,02/02/2021,15021,3373085
nation,England,E92000001,01/02/2021,16815,3358064
nation,England,E92000001,31/01/2021,19054,3341249
nation,England,E92000001,30/01/2021,21089,3322195
nation,England,E92000001,29/01/2021,26709,3301106
nation,England,E92000001,28/01/2021,26182,3274397
nation,England,E92000001,27/01/2021,22914,3248215
nation,England,E92000001,26/01/2021,17920,3225301
nation,England,E92000001,25/01/2021,20149,3207381
nation,England,E92000001,24/01/2021,27580,3187232
nation,England,E92000001,23/01/2021,30496,3159652
nation,England,E92000001,22/01/2021,37115,3129156
nation,England,E92000001,21/01/2021,34371,3092041
nation,England,E92000001,20/01/2021,35061,3057670
nation,England,E92000001,19/01/2021,30371,3022609
nation,England,E92000001,18/01/2021,34134,2992238
nation,England,E92000001,17/01/2021,35263,2958104
nation,England,E92000001,16/01/2021,37759,2922841
nation,England,E92000001,15/01/2021,50741,2885082
nation,England,E92000001,14/01/2021,44358,2834341
nation,England,E92000001,13/01/2021,42898,2789983
nation,England,E92000001,12/01/2021,41121,2747085
nation,England,E92000001,11/01/2021,41835,2705964
nation,England,E92000001,10/01/2021,50291,2664129
nation,England,E92000001,09/01/2021,54257,2613838
nation,England,E92000001,08/01/2021,61757,2559581
nation,England,E92000001,07/01/2021,46841,2497824
nation,England,E92000001,06/01/2021,56060,2450983
nation,England,E92000001,05/01/2021,54940,2394923
nation,England,E92000001,04/01/2021,53180,2339983
nation,England,E92000001,03/01/2021,46853,2286803
nation,England,E92000001,02/01/2021,49248,2239950
nation,England,E92000001,01/01/2021,50746,2190702
nation,England,E92000001,31/12/2020,49510,2139956
nation,England,E92000001,30/12/2020,43554,2090446
nation,England,E92000001,29/12/2020,47164,2046892
nation,England,E92000001,28/12/2020,36511,1999728
nation,England,E92000001,27/12/2020,25619,1963217
nation,England,E92000001,26/12/2020,31307,1937598
nation,England,E92000001,25/12/2020,31560,1906291
nation,England,E92000001,24/12/2020,35561,1874731
nation,England,E92000001,23/12/2020,34247,1839170
nation,England,E92000001,22/12/2020,32288,1804923
nation,England,E92000001,21/12/2020,28742,1772635
nation,England,E92000001,20/12/2020,32155,1743893
nation,England,E92000001,19/12/2020,22775,1711738
nation,England,E92000001,18/12/2020,24452,1688963
nation,England,E92000001,17/12/2020,22401,1664511
nation,England,E92000001,16/12/2020,23432,1642110
nation,England,E92000001,15/12/2020,16504,1618678
nation,England,E92000001,14/12/2020,17882,1602174
nation,England,E92000001,13/12/2020,17164,1584292
nation,England,E92000001,12/12/2020,17468,1567128
nation,England,E92000001,11/12/2020,17899,1549660
nation,England,E92000001,10/12/2020,17622,1531761
nation,England,E92000001,09/12/2020,12960,1514139
nation,England,E92000001,08/12/2020,10459,1501179
nation,England,E92000001,07/12/2020,11623,1490720
nation,England,E92000001,06/12/2020,14294,1479097
nation,England,E92000001,05/12/2020,12666,1464803
nation,England,E92000001,04/12/2020,13412,1452137
nation,England,E92000001,03/12/2020,11992,1438725
nation,England,E92000001,02/12/2020,13323,1426733
nation,England,E92000001,01/12/2020,11618,1413410
nation,England,E92000001,30/11/2020,10869,1401792
nation,England,E92000001,29/11/2020,10054,1390923
nation,England,E92000001,28/11/2020,13323,1380869
nation,England,E92000001,27/11/2020,13557,1367546
nation,England,E92000001,26/11/2020,14637,1355272
nation,England,E92000001,25/11/2020,15893,1340635
nation,England,E92000001,24/11/2020,9854,1324742
nation,England,E92000001,23/11/2020,13329,1314888
nation,England,E92000001,22/11/2020,16668,1301559
nation,England,E92000001,21/11/2020,17615,1284891
nation,England,E92000001,20/11/2020,17845,1267276
nation,England,E92000001,19/11/2020,20291,1249431
nation,England,E92000001,18/11/2020,17189,1229140
nation,England,E92000001,17/11/2020,17549,1211951
nation,England,E92000001,16/11/2020,19423,1194402
nation,England,E92000001,15/11/2020,21998,1174979
nation,England,E92000001,14/11/2020,24298,1152981
nation,England,E92000001,13/11/2020,24540,1128683
nation,England,E92000001,12/11/2020,30843,1104143
nation,England,E92000001,11/11/2020,19970,1073300
nation,England,E92000001,10/11/2020,18622,1053330
nation,England,E92000001,09/11/2020,19036,1034708
nation,England,E92000001,08/11/2020,18293,1015672
nation,England,E92000001,07/11/2020,21875,997379
nation,England,E92000001,06/11/2020,20268,975504
nation,England,E92000001,05/11/2020,21137,955236
nation,England,E92000001,04/11/2020,21863,934099
nation,England,E92000001,03/11/2020,17330,912236
nation,England,E92000001,02/11/2020,15860,894906
nation,England,E92000001,01/11/2020,20602,879046
nation,England,E92000001,31/10/2020,18864,858444
nation,England,E92000001,30/10/2020,20821,839580
nation,England,E92000001,29/10/2020,19740,818759
nation,England,E92000001,28/10/2020,21245,799019
nation,England,E92000001,27/10/2020,19629,777774
nation,England,E92000001,26/10/2020,17883,758145
nation,England,E92000001,25/10/2020,16487,740262
nation,England,E92000001,24/10/2020,19332,723775
nation,England,E92000001,23/10/2020,17116,704443
nation,England,E92000001,22/10/2020,17354,687327
nation,England,E92000001,21/10/2020,22948,669973
nation,England,E92000001,20/10/2020,17814,647025
nation,England,E92000001,19/10/2020,16365,629211
nation,England,E92000001,18/10/2020,14704,612846
nation,England,E92000001,17/10/2020,13299,598142
nation,England,E92000001,16/10/2020,12176,584843
nation,England,E92000001,15/10/2020,16139,572667
nation,England,E92000001,14/10/2020,16132,556528
nation,England,E92000001,13/10/2020,14310,540396
nation,England,E92000001,12/10/2020,11647,526086
nation,England,E92000001,11/10/2020,10383,514439
nation,England,E92000001,10/10/2020,12628,504056
nation,England,E92000001,09/10/2020,10772,491428
nation,England,E92000001,08/10/2020,14952,480656
nation,England,E92000001,07/10/2020,11528,465704
nation,England,E92000001,06/10/2020,12648,454176
nation,England,E92000001,05/10/2020,10685,441528
nation,England,E92000001,04/10/2020,21309,430843
nation,England,E92000001,03/10/2020,10806,409534
nation,England,E92000001,02/10/2020,4797,398728
nation,England,E92000001,01/10/2020,5589,393931
nation,England,E92000001,30/09/2020,5656,388342
nation,England,E92000001,29/09/2020,5651,382686
nation,England,E92000001,28/09/2020,3316,377035
nation,England,E92000001,27/09/2020,4800,373719
nation,England,E92000001,26/09/2020,4639,368919
nation,England,E92000001,25/09/2020,5723,364280
nation,England,E92000001,24/09/2020,5632,358557
nation,England,E92000001,23/09/2020,5083,352925
nation,England,E92000001,22/09/2020,4187,347842
nation,England,E92000001,21/09/2020,3754,343655
nation,England,E92000001,20/09/2020,3279,339901
nation,England,E92000001,19/09/2020,3638,336622
nation,England,E92000001,18/09/2020,3771,332984
nation,England,E92000001,17/09/2020,2788,329213
nation,England,E92000001,16/09/2020,3396,326425
nation,England,E92000001,15/09/2020,2649,323029
nation,England,E92000001,14/09/2020,2259,320380
nation,England,E92000001,13/09/2020,2837,318121
nation,England,E92000001,12/09/2020,3008,315284
nation,England,E92000001,11/09/2020,3143,312276
nation,England,E92000001,10/09/2020,2578,309133
nation,England,E92000001,09/09/2020,2286,306555
nation,England,E92000001,08/09/2020,2094,304269
nation,England,E92000001,07/09/2020,2528,302175
nation,England,E92000001,06/09/2020,2576,299647
nation,England,E92000001,05/09/2020,1477,297071
nation,England,E92000001,04/09/2020,1669,295594
nation,England,E92000001,03/09/2020,1507,293925
nation,England,E92000001,02/09/2020,1239,292418
nation,England,E92000001,01/09/2020,1041,291179
nation,England,E92000001,31/08/2020,1149,290138
nation,England,E92000001,30/08/2020,1487,288989
nation,England,E92000001,29/08/2020,891,287502
nation,England,E92000001,28/08/2020,1106,286611
nation,England,E92000001,27/08/2020,1350,285505
nation,England,E92000001,26/08/2020,875,284155
nation,England,E92000001,25/08/2020,1065,283280
nation,England,E92000001,24/08/2020,758,282215
nation,England,E92000001,23/08/2020,938,281457
nation,England,E92000001,22/08/2020,1060,280519
nation,England,E92000001,21/08/2020,908,279459
nation,England,E92000001,20/08/2020,1035,278551
nation,England,E92000001,19/08/2020,707,277516
nation,England,E92000001,18/08/2020,975,276809
nation,England,E92000001,17/08/2020,634,275834
nation,England,E92000001,16/08/2020,952,275200
nation,England,E92000001,15/08/2020,934,274248
nation,England,E92000001,14/08/2020,1284,273314
nation,England,E92000001,13/08/2020,1059,272030
nation,England,E92000001,12/08/2020,925,270971
nation,England,E92000001,11/08/2020,1035,270046
nation,England,E92000001,10/08/2020,699,269011
nation,England,E92000001,09/08/2020,988,268312
nation,England,E92000001,08/08/2020,679,267324
nation,England,E92000001,07/08/2020,796,266645
nation,England,E92000001,06/08/2020,826,265849
nation,England,E92000001,05/08/2020,804,265023
nation,England,E92000001,04/08/2020,617,264219
nation,England,E92000001,03/08/2020,856,263602
nation,England,E92000001,02/08/2020,676,262746
nation,England,E92000001,01/08/2020,722,262070
nation,England,E92000001,31/07/2020,814,261348
nation,England,E92000001,30/07/2020,812,260534
nation,England,E92000001,29/07/2020,700,259722
nation,England,E92000001,28/07/2020,547,259022
nation,England,E92000001,27/07/2020,616,258475
nation,England,E92000001,26/07/2020,721,257859
nation,England,E92000001,25/07/2020,710,257138
nation,England,E92000001,24/07/2020,688,256428
nation,England,E92000001,23/07/2020,702,255740
nation,England,E92000001,22/07/2020,519,255038
nation,England,E92000001,21/07/2020,399,254519
nation,England,E92000001,20/07/2020,535,254120
nation,England,E92000001,19/07/2020,672,253585
nation,England,E92000001,18/07/2020,796,252913
nation,England,E92000001,17/07/2020,635,252117
nation,England,E92000001,16/07/2020,597,251482
nation,England,E92000001,15/07/2020,506,250885
nation,England,E92000001,14/07/2020,372,250379
nation,England,E92000001,13/07/2020,497,250007
nation,England,E92000001,12/07/2020,615,249510
nation,England,E92000001,11/07/2020,806,248895
nation,England,E92000001,10/07/2020,480,248089
nation,England,E92000001,09/07/2020,617,247609
nation,England,E92000001,08/07/2020,606,246992
nation,England,E92000001,07/07/2020,572,246386
nation,England,E92000001,06/07/2020,331,245814
nation,England,E92000001,05/07/2020,492,245483
nation,England,E92000001,04/07/2020,579,244991
nation,England,E92000001,03/07/2020,502,244412
nation,England,E92000001,02/07/2020,523,243910
nation,England,E92000001,01/07/2020,177,160764
nation,England,E92000001,30/06/2020,196,160587
nation,England,E92000001,29/06/2020,99,160391
nation,England,E92000001,28/06/2020,142,160292
nation,England,E92000001,27/06/2020,192,160150
nation,England,E92000001,26/06/2020,175,159958
nation,England,E92000001,25/06/2020,261,159696
nation,England,E92000001,24/06/2020,107,159435
nation,England,E92000001,23/06/2020,210,159328
nation,England,E92000001,22/06/2020,178,159118
nation,England,E92000001,21/06/2020,215,158940
nation,England,E92000001,20/06/2020,324,158725
nation,England,E92000001,19/06/2020,323,158401
nation,England,E92000001,18/06/2020,281,158078
nation,England,E92000001,17/06/2020,252,157797
nation,England,E92000001,16/06/2020,252,157545
nation,England,E92000001,15/06/2020,219,157293
nation,England,E92000001,14/06/2020,292,157074
nation,England,E92000001,13/06/2020,372,156782
nation,England,E92000001,12/06/2020,392,156410
nation,England,E92000001,11/06/2020,304,156018
nation,England,E92000001,10/06/2020,63,155714
nation,England,E92000001,09/06/2020,651,155651
nation,England,E92000001,08/06/2020,92,155000
nation,England,E92000001,07/06/2020,228,154908
nation,England,E92000001,06/06/2020,422,154680
nation,England,E92000001,05/06/2020,451,154258
nation,England,E92000001,04/06/2020,431,153807
nation,England,E92000001,03/06/2020,462,153376
nation,England,E92000001,02/06/2020,444,152914
nation,England,E92000001,01/06/2020,294,152470
nation,England,E92000001,31/05/2020,320,152176
nation,England,E92000001,30/05/2020,715,151856
nation,England,E92000001,29/05/2020,560,151982
nation,England,E92000001,28/05/2020,519,151422
nation,England,E92000001,27/05/2020,609,150903
nation,England,E92000001,26/05/2020,492,150294
nation,England,E92000001,25/05/2020,494,149802
nation,England,E92000001,24/05/2020,584,149308
nation,England,E92000001,23/05/2020,979,148724
nation,England,E92000001,22/05/2020,1083,147745
nation,England,E92000001,21/05/2020,854,146662
nation,England,E92000001,20/05/2020,824,145808
nation,England,E92000001,19/05/2020,857,145376
nation,England,E92000001,18/05/2020,816,144519
nation,England,E92000001,17/05/2020,788,143703
nation,England,E92000001,16/05/2020,1136,142915
nation,England,E92000001,15/05/2020,1112,141779
nation,England,E92000001,14/05/2020,1189,140667
nation,England,E92000001,13/05/2020,1146,139478
nation,England,E92000001,12/05/2020,1067,138332
nation,England,E92000001,11/05/2020,891,137265
nation,England,E92000001,10/05/2020,1007,136374
nation,England,E92000001,09/05/2020,1349,135367
nation,England,E92000001,08/05/2020,1694,134018
nation,England,E92000001,07/05/2020,2133,132324
nation,England,E92000001,06/05/2020,1611,130191
nation,England,E92000001,05/05/2020,1842,128580
nation,England,E92000001,04/05/2020,1485,126738
nation,England,E92000001,03/05/2020,2019,125253
nation,England,E92000001,02/05/2020,2228,123234
nation,England,E92000001,01/05/2020,2501,121006
nation,England,E92000001,30/04/2020,2484,118343
nation,England,E92000001,29/04/2020,1403,115859
nation,England,E92000001,28/04/2020,1989,114456
nation,England,E92000001,27/04/2020,2264,112467
nation,England,E92000001,26/04/2020,2152,110203
nation,England,E92000001,25/04/2020,2826,108051
nation,England,E92000001,24/04/2020,3004,105225
nation,England,E92000001,23/04/2020,3084,102221
nation,England,E92000001,22/04/2020,3020,99137
nation,England,E92000001,21/04/2020,3087,96117
nation,England,E92000001,20/04/2020,2401,93030
nation,England,E92000001,19/04/2020,3607,90629
nation,England,E92000001,18/04/2020,3548,87022
nation,England,E92000001,17/04/2020,3985,83474
nation,England,E92000001,16/04/2020,3118,79489
nation,England,E92000001,15/04/2020,3188,76371
nation,England,E92000001,14/04/2020,3854,73183
nation,England,E92000001,13/04/2020,2999,69329
nation,England,E92000001,12/04/2020,3672,66330
nation,England,E92000001,11/04/2020,3841,62658
nation,England,E92000001,10/04/2020,4263,58817
nation,England,E92000001,09/04/2020,3798,54554
nation,England,E92000001,08/04/2020,4788,50756
nation,England,E92000001,07/04/2020,2978,45968
nation,England,E92000001,06/04/2020,3176,42990
nation,England,E92000001,05/04/2020,5107,39814
nation,England,E92000001,04/04/2020,2910,34707
nation,England,E92000001,03/04/2020,3576,31797
nation,England,E92000001,02/04/2020,3583,28221
nation,England,E92000001,01/04/2020,3630,24638
nation,England,E92000001,31/03/2020,2414,21008
nation,England,E92000001,30/03/2020,2107,18594
nation,England,E92000001,29/03/2020,2060,16487
nation,England,E92000001,28/03/2020,2139,14427
nation,England,E92000001,27/03/2020,2506,12288
nation,England,E92000001,26/03/2020,1809,9782
nation,England,E92000001,25/03/2020,1130,7973
nation,England,E92000001,24/03/2020,1258,6843
nation,England,E92000001,23/03/2020,793,5585
nation,England,E92000001,22/03/2020,535,4792
nation,England,E92000001,21/03/2020,873,4257
nation,England,E92000001,20/03/2020,628,3384
nation,England,E92000001,19/03/2020,574,2756
nation,England,E92000001,18/03/2020,625,2182
nation,England,E92000001,17/03/2020,361,1557
nation,England,E92000001,16/03/2020,97,1196
nation,England,E92000001,15/03/2020,253,1099
nation,England,E92000001,14/03/2020,201,846
nation,England,E92000001,13/03/2020,159,645
nation,England,E92000001,12/03/2020,99,486
nation,England,E92000001,11/03/2020,63,387
nation,England,E92000001,10/03/2020,46,324
nation,England,E92000001,09/03/2020,40,282
nation,England,E92000001,08/03/2020,58,241
nation,England,E92000001,07/03/2020,39,183
nation,England,E92000001,06/03/2020,39,144
nation,England,E92000001,05/03/2020,25,105
nation,England,E92000001,04/03/2020,32,80
nation,England,E92000001,03/03/2020,11,48
nation,England,E92000001,02/03/2020,4,37
nation,England,E92000001,01/03/2020,12,33
nation,England,E92000001,29/02/2020,3,21
nation,England,E92000001,28/02/2020,5,18
nation,England,E92000001,27/02/2020,0,13
nation,England,E92000001,26/02/2020,0,13
nation,England,E92000001,25/02/2020,0,13
nation,England,E92000001,24/02/2020,4,13
nation,England,E92000001,23/02/2020,0,9
nation,England,E92000001,22/02/2020,0,9
nation,England,E92000001,21/02/2020,0,9
nation,England,E92000001,20/02/2020,0,9
nation,England,E92000001,19/02/2020,0,9
nation,England,E92000001,18/02/2020,0,9
nation,England,E92000001,17/02/2020,0,9
nation,England,E92000001,16/02/2020,0,9
nation,England,E92000001,15/02/2020,0,9
nation,England,E92000001,14/02/2020,0,9
nation,England,E92000001,13/02/2020,1,9
nation,England,E92000001,12/02/2020,0,8
nation,England,E92000001,11/02/2020,0,8
nation,England,E92000001,10/02/2020,4,8
nation,England,E92000001,09/02/2020,1,4
nation,England,E92000001,08/02/2020,0,3
nation,England,E92000001,07/02/2020,0,3
nation,England,E92000001,06/02/2020,1,3
nation,England,E92000001,05/02/2020,0,2
nation,England,E92000001,04/02/2020,0,2
nation,England,E92000001,03/02/2020,0,2
nation,England,E92000001,02/02/2020,0,2
nation,England,E92000001,01/02/2020,0,2
nation,England,E92000001,31/01/2020,2,2
nation,Northern Ireland,N92000002,07/07/2021,570,130187
nation,Northern Ireland,N92000002,06/07/2021,417,129617
nation,Northern Ireland,N92000002,05/07/2021,420,129200
nation,Northern Ireland,N92000002,04/07/2021,533,128780
nation,Northern Ireland,N92000002,03/07/2021,460,128247
nation,Northern Ireland,N92000002,02/07/2021,339,127787
nation,Northern Ireland,N92000002,01/07/2021,326,127448
nation,Northern Ireland,N92000002,30/06/2021,375,127122
nation,Northern Ireland,N92000002,29/06/2021,278,126747
nation,Northern Ireland,N92000002,28/06/2021,211,126469
nation,Northern Ireland,N92000002,27/06/2021,261,126258
nation,Northern Ireland,N92000002,26/06/2021,298,125997
nation,Northern Ireland,N92000002,25/06/2021,229,125699
nation,Northern Ireland,N92000002,24/06/2021,198,125470
nation,Northern Ireland,N92000002,23/06/2021,188,125272
nation,Northern Ireland,N92000002,22/06/2021,187,125084
nation,Northern Ireland,N92000002,21/06/2021,133,124897
nation,Northern Ireland,N92000002,20/06/2021,125,124764
nation,Northern Ireland,N92000002,19/06/2021,158,124639
nation,Northern Ireland,N92000002,18/06/2021,178,124481
nation,Northern Ireland,N92000002,17/06/2021,179,124303
nation,Northern Ireland,N92000002,16/06/2021,143,124124
nation,Northern Ireland,N92000002,15/06/2021,115,123981
nation,Northern Ireland,N92000002,14/06/2021,87,123866
nation,Northern Ireland,N92000002,13/06/2021,70,123779
nation,Northern Ireland,N92000002,12/06/2021,107,123709
nation,Northern Ireland,N92000002,11/06/2021,121,123602
nation,Northern Ireland,N92000002,10/06/2021,109,123481
nation,Northern Ireland,N92000002,09/06/2021,105,123372
nation,Northern Ireland,N92000002,08/06/2021,81,123267
nation,Northern Ireland,N92000002,07/06/2021,54,123186
nation,Northern Ireland,N92000002,06/06/2021,69,123132
nation,Northern Ireland,N92000002,05/06/2021,95,123063
nation,Northern Ireland,N92000002,04/06/2021,73,122968
nation,Northern Ireland,N92000002,03/06/2021,80,122895
nation,Northern Ireland,N92000002,02/06/2021,84,122815
nation,Northern Ireland,N92000002,01/06/2021,54,122731
nation,Northern Ireland,N92000002,31/05/2021,39,122677
nation,Northern Ireland,N92000002,30/05/2021,63,122638
nation,Northern Ireland,N92000002,29/05/2021,68,122575
nation,Northern Ireland,N92000002,28/05/2021,75,122507
nation,Northern Ireland,N92000002,27/05/2021,84,122432
nation,Northern Ireland,N92000002,26/05/2021,66,122348
nation,Northern Ireland,N92000002,25/05/2021,75,122282
nation,Northern Ireland,N92000002,24/05/2021,53,122207
nation,Northern Ireland,N92000002,23/05/2021,77,122154
nation,Northern Ireland,N92000002,22/05/2021,82,122077
nation,Northern Ireland,N92000002,21/05/2021,84,121995
nation,Northern Ireland,N92000002,20/05/2021,90,121911
nation,Northern Ireland,N92000002,19/05/2021,107,121821
nation,Northern Ireland,N92000002,18/05/2021,104,121714
nation,Northern Ireland,N92000002,17/05/2021,82,121610
nation,Northern Ireland,N92000002,16/05/2021,109,121528
nation,Northern Ireland,N92000002,15/05/2021,0,121419
nation,Northern Ireland,N92000002,14/05/2021,96,121419
nation,Northern Ireland,N92000002,13/05/2021,99,121323
nation,Northern Ireland,N92000002,12/05/2021,113,121224
nation,Northern Ireland,N92000002,11/05/2021,89,121111
nation,Northern Ireland,N92000002,10/05/2021,76,121022
nation,Northern Ireland,N92000002,09/05/2021,98,120946
nation,Northern Ireland,N92000002,08/05/2021,81,120848
nation,Northern Ireland,N92000002,07/05/2021,65,120767
nation,Northern Ireland,N92000002,06/05/2021,102,120702
nation,Northern Ireland,N92000002,05/05/2021,99,120600
nation,Northern Ireland,N92000002,04/05/2021,83,120501
nation,Northern Ireland,N92000002,03/05/2021,64,120418
nation,Northern Ireland,N92000002,02/05/2021,69,120354
nation,Northern Ireland,N92000002,01/05/2021,90,120285
nation,Northern Ireland,N92000002,30/04/2021,108,120195
nation,Northern Ireland,N92000002,29/04/2021,95,120087
nation,Northern Ireland,N92000002,28/04/2021,98,119992
nation,Northern Ireland,N92000002,27/04/2021,109,119894
nation,Northern Ireland,N92000002,26/04/2021,73,119785
nation,Northern Ireland,N92000002,25/04/2021,73,119712
nation,Northern Ireland,N92000002,24/04/2021,80,119639
nation,Northern Ireland,N92000002,23/04/2021,88,119559
nation,Northern Ireland,N92000002,22/04/2021,120,119471
nation,Northern Ireland,N92000002,21/04/2021,116,119351
nation,Northern Ireland,N92000002,20/04/2021,124,119235
nation,Northern Ireland,N92000002,19/04/2021,79,119111
nation,Northern Ireland,N92000002,18/04/2021,82,119032
nation,Northern Ireland,N92000002,17/04/2021,99,118950
nation,Northern Ireland,N92000002,16/04/2021,119,118851
nation,Northern Ireland,N92000002,15/04/2021,159,118732
nation,Northern Ireland,N92000002,14/04/2021,97,118573
nation,Northern Ireland,N92000002,13/04/2021,112,118476
nation,Northern Ireland,N92000002,12/04/2021,97,118364
nation,Northern Ireland,N92000002,11/04/2021,89,118267
nation,Northern Ireland,N92000002,10/04/2021,146,118178
nation,Northern Ireland,N92000002,09/04/2021,113,118032
nation,Northern Ireland,N92000002,08/04/2021,98,117919
nation,Northern Ireland,N92000002,07/04/2021,88,117821
nation,Northern Ireland,N92000002,06/04/2021,57,117733
nation,Northern Ireland,N92000002,05/04/2021,89,117676
nation,Northern Ireland,N92000002,04/04/2021,0,117587
nation,Northern Ireland,N92000002,03/04/2021,84,117587
nation,Northern Ireland,N92000002,02/04/2021,107,117503
nation,Northern Ireland,N92000002,01/04/2021,107,117396
nation,Northern Ireland,N92000002,31/03/2021,123,117289
nation,Northern Ireland,N92000002,30/03/2021,151,117166
nation,Northern Ireland,N92000002,29/03/2021,65,117015
nation,Northern Ireland,N92000002,28/03/2021,116,116950
nation,Northern Ireland,N92000002,27/03/2021,138,116834
nation,Northern Ireland,N92000002,26/03/2021,181,116696
nation,Northern Ireland,N92000002,25/03/2021,183,116515
nation,Northern Ireland,N92000002,24/03/2021,139,116332
nation,Northern Ireland,N92000002,23/03/2021,174,116193
nation,Northern Ireland,N92000002,22/03/2021,87,116019
nation,Northern Ireland,N92000002,21/03/2021,125,115932
nation,Northern Ireland,N92000002,20/03/2021,159,115807
nation,Northern Ireland,N92000002,19/03/2021,137,115648
nation,Northern Ireland,N92000002,18/03/2021,169,115511
nation,Northern Ireland,N92000002,17/03/2021,161,115342
nation,Northern Ireland,N92000002,16/03/2021,164,115181
nation,Northern Ireland,N92000002,15/03/2021,121,115017
nation,Northern Ireland,N92000002,14/03/2021,143,114896
nation,Northern Ireland,N92000002,13/03/2021,146,114753
nation,Northern Ireland,N92000002,12/03/2021,208,114607
nation,Northern Ireland,N92000002,11/03/2021,223,114399
nation,Northern Ireland,N92000002,10/03/2021,147,114176
nation,Northern Ireland,N92000002,09/03/2021,240,114029
nation,Northern Ireland,N92000002,08/03/2021,144,113789
nation,Northern Ireland,N92000002,07/03/2021,138,113645
nation,Northern Ireland,N92000002,06/03/2021,172,113507
nation,Northern Ireland,N92000002,05/03/2021,166,113335
nation,Northern Ireland,N92000002,04/03/2021,163,113169
nation,Northern Ireland,N92000002,03/03/2021,226,113006
nation,Northern Ireland,N92000002,02/03/2021,149,112780
nation,Northern Ireland,N92000002,01/03/2021,138,112631
nation,Northern Ireland,N92000002,28/02/2021,136,112493
nation,Northern Ireland,N92000002,27/02/2021,184,112357
nation,Northern Ireland,N92000002,26/02/2021,241,112173
nation,Northern Ireland,N92000002,25/02/2021,281,111932
nation,Northern Ireland,N92000002,24/02/2021,260,111651
nation,Northern Ireland,N92000002,23/02/2021,225,111391
nation,Northern Ireland,N92000002,22/02/2021,187,111166
nation,Northern Ireland,N92000002,21/02/2021,263,110979
nation,Northern Ireland,N92000002,20/02/2021,276,110716
nation,Northern Ireland,N92000002,19/02/2021,313,110440
nation,Northern Ireland,N92000002,18/02/2021,342,110127
nation,Northern Ireland,N92000002,17/02/2021,297,109785
nation,Northern Ireland,N92000002,16/02/2021,341,109488
nation,Northern Ireland,N92000002,15/02/2021,234,109147
nation,Northern Ireland,N92000002,14/02/2021,176,108913
nation,Northern Ireland,N92000002,13/02/2021,303,108737
nation,Northern Ireland,N92000002,12/02/2021,407,108434
nation,Northern Ireland,N92000002,11/02/2021,253,108027
nation,Northern Ireland,N92000002,10/02/2021,336,107774
nation,Northern Ireland,N92000002,09/02/2021,275,107438
nation,Northern Ireland,N92000002,08/02/2021,296,107163
nation,Northern Ireland,N92000002,07/02/2021,334,106867
nation,Northern Ireland,N92000002,06/02/2021,390,106533
nation,Northern Ireland,N92000002,05/02/2021,506,106143
nation,Northern Ireland,N92000002,04/02/2021,412,105637
nation,Northern Ireland,N92000002,03/02/2021,504,105225
nation,Northern Ireland,N92000002,02/02/2021,447,104721
nation,Northern Ireland,N92000002,01/02/2021,314,104274
nation,Northern Ireland,N92000002,31/01/2021,426,103960
nation,Northern Ireland,N92000002,30/01/2021,455,103534
nation,Northern Ireland,N92000002,29/01/2021,669,103079
nation,Northern Ireland,N92000002,28/01/2021,592,102410
nation,Northern Ireland,N92000002,27/01/2021,527,101818
nation,Northern Ireland,N92000002,26/01/2021,550,101291
nation,Northern Ireland,N92000002,25/01/2021,422,100741
nation,Northern Ireland,N92000002,24/01/2021,433,100319
nation,Northern Ireland,N92000002,23/01/2021,670,99886
nation,Northern Ireland,N92000002,22/01/2021,865,99216
nation,Northern Ireland,N92000002,21/01/2021,732,98351
nation,Northern Ireland,N92000002,20/01/2021,905,97619
nation,Northern Ireland,N92000002,19/01/2021,713,96714
nation,Northern Ireland,N92000002,18/01/2021,640,96001
nation,Northern Ireland,N92000002,17/01/2021,822,95361
nation,Northern Ireland,N92000002,16/01/2021,705,94539
nation,Northern Ireland,N92000002,15/01/2021,1052,93834
nation,Northern Ireland,N92000002,14/01/2021,973,92782
nation,Northern Ireland,N92000002,13/01/2021,1145,91809
nation,Northern Ireland,N92000002,12/01/2021,1205,90664
nation,Northern Ireland,N92000002,11/01/2021,759,89459
nation,Northern Ireland,N92000002,10/01/2021,1112,88700
nation,Northern Ireland,N92000002,09/01/2021,1442,87588
nation,Northern Ireland,N92000002,08/01/2021,1500,86146
nation,Northern Ireland,N92000002,07/01/2021,1410,84646
nation,Northern Ireland,N92000002,06/01/2021,1985,83236
nation,Northern Ireland,N92000002,05/01/2021,1378,81251
nation,Northern Ireland,N92000002,04/01/2021,1801,79873
nation,Northern Ireland,N92000002,03/01/2021,1662,78072
nation,Northern Ireland,N92000002,02/01/2021,3576,76410
nation,Northern Ireland,N92000002,01/01/2021,0,72834
nation,Northern Ireland,N92000002,31/12/2020,1929,72834
nation,Northern Ireland,N92000002,30/12/2020,2143,70905
nation,Northern Ireland,N92000002,29/12/2020,1566,68762
nation,Northern Ireland,N92000002,28/12/2020,1634,67196
nation,Northern Ireland,N92000002,27/12/2020,0,65562
nation,Northern Ireland,N92000002,26/12/2020,998,65562
nation,Northern Ireland,N92000002,25/12/2020,0,64564
nation,Northern Ireland,N92000002,24/12/2020,841,64564
nation,Northern Ireland,N92000002,23/12/2020,787,63723
nation,Northern Ireland,N92000002,22/12/2020,439,62936
nation,Northern Ireland,N92000002,21/12/2020,555,62497
nation,Northern Ireland,N92000002,20/12/2020,505,61942
nation,Northern Ireland,N92000002,19/12/2020,640,61437
nation,Northern Ireland,N92000002,18/12/2020,510,60797
nation,Northern Ireland,N92000002,17/12/2020,656,60287
nation,Northern Ireland,N92000002,16/12/2020,510,59631
nation,Northern Ireland,N92000002,15/12/2020,486,59121
nation,Northern Ireland,N92000002,14/12/2020,419,58635
nation,Northern Ireland,N92000002,13/12/2020,483,58216
nation,Northern Ireland,N92000002,12/12/2020,476,57733
nation,Northern Ireland,N92000002,11/12/2020,538,57257
nation,Northern Ireland,N92000002,10/12/2020,441,56719
nation,Northern Ireland,N92000002,09/12/2020,483,56278
nation,Northern Ireland,N92000002,08/12/2020,351,55795
nation,Northern Ireland,N92000002,07/12/2020,397,55444
nation,Northern Ireland,N92000002,06/12/2020,419,55047
nation,Northern Ireland,N92000002,05/12/2020,451,54628
nation,Northern Ireland,N92000002,04/12/2020,449,54177
nation,Northern Ireland,N92000002,03/12/2020,456,53728
nation,Northern Ireland,N92000002,02/12/2020,416,53272
nation,Northern Ireland,N92000002,01/12/2020,391,52856
nation,Northern Ireland,N92000002,30/11/2020,290,52465
nation,Northern Ireland,N92000002,29/11/2020,351,52175
nation,Northern Ireland,N92000002,28/11/2020,315,51824
nation,Northern Ireland,N92000002,27/11/2020,391,51509
nation,Northern Ireland,N92000002,26/11/2020,442,51118
nation,Northern Ireland,N92000002,25/11/2020,533,50676
nation,Northern Ireland,N92000002,24/11/2020,79,50143
nation,Northern Ireland,N92000002,23/11/2020,280,50064
nation,Northern Ireland,N92000002,22/11/2020,342,49784
nation,Northern Ireland,N92000002,21/11/2020,357,49442
nation,Northern Ireland,N92000002,20/11/2020,369,49085
nation,Northern Ireland,N92000002,19/11/2020,487,48716
nation,Northern Ireland,N92000002,18/11/2020,518,48229
nation,Northern Ireland,N92000002,17/11/2020,549,47711
nation,Northern Ireland,N92000002,16/11/2020,331,47162
nation,Northern Ireland,N92000002,15/11/2020,472,46831
nation,Northern Ireland,N92000002,14/11/2020,511,46359
nation,Northern Ireland,N92000002,13/11/2020,607,45848
nation,Northern Ireland,N92000002,12/11/2020,548,45241
nation,Northern Ireland,N92000002,11/11/2020,791,44693
nation,Northern Ireland,N92000002,10/11/2020,514,43902
nation,Northern Ireland,N92000002,09/11/2020,471,43388
nation,Northern Ireland,N92000002,08/11/2020,420,42917
nation,Northern Ireland,N92000002,07/11/2020,528,42497
nation,Northern Ireland,N92000002,06/11/2020,595,41969
nation,Northern Ireland,N92000002,05/11/2020,516,41374
nation,Northern Ireland,N92000002,04/11/2020,679,40858
nation,Northern Ireland,N92000002,03/11/2020,570,40179
nation,Northern Ireland,N92000002,02/11/2020,493,39609
nation,Northern Ireland,N92000002,01/11/2020,685,39116
nation,Northern Ireland,N92000002,31/10/2020,649,38431
nation,Northern Ireland,N92000002,30/10/2020,566,37782
nation,Northern Ireland,N92000002,29/10/2020,822,37216
nation,Northern Ireland,N92000002,28/10/2020,840,36394
nation,Northern Ireland,N92000002,27/10/2020,722,35554
nation,Northern Ireland,N92000002,26/10/2020,727,34832
nation,Northern Ireland,N92000002,25/10/2020,896,34105
nation,Northern Ireland,N92000002,24/10/2020,923,33209
nation,Northern Ireland,N92000002,23/10/2020,1252,32286
nation,Northern Ireland,N92000002,22/10/2020,1042,31034
nation,Northern Ireland,N92000002,21/10/2020,1039,29992
nation,Northern Ireland,N92000002,20/10/2020,913,28953
nation,Northern Ireland,N92000002,19/10/2020,820,28040
nation,Northern Ireland,N92000002,18/10/2020,1012,27220
nation,Northern Ireland,N92000002,17/10/2020,1031,26208
nation,Northern Ireland,N92000002,16/10/2020,1299,25177
nation,Northern Ireland,N92000002,15/10/2020,763,23878
nation,Northern Ireland,N92000002,14/10/2020,1217,23115
nation,Northern Ireland,N92000002,13/10/2020,863,21898
nation,Northern Ireland,N92000002,12/10/2020,877,21035
nation,Northern Ireland,N92000002,11/10/2020,1066,20158
nation,Northern Ireland,N92000002,10/10/2020,902,19092
nation,Northern Ireland,N92000002,09/10/2020,1080,18190
nation,Northern Ireland,N92000002,08/10/2020,923,17110
nation,Northern Ireland,N92000002,07/10/2020,828,16187
nation,Northern Ireland,N92000002,06/10/2020,669,15359
nation,Northern Ireland,N92000002,05/10/2020,616,14690
nation,Northern Ireland,N92000002,04/10/2020,462,14074
nation,Northern Ireland,N92000002,03/10/2020,726,13612
nation,Northern Ireland,N92000002,02/10/2020,934,12886
nation,Northern Ireland,N92000002,01/10/2020,259,11952
nation,Northern Ireland,N92000002,30/09/2020,424,11693
nation,Northern Ireland,N92000002,29/09/2020,320,11269
nation,Northern Ireland,N92000002,28/09/2020,220,10949
nation,Northern Ireland,N92000002,27/09/2020,187,10729
nation,Northern Ireland,N92000002,26/09/2020,319,10542
nation,Northern Ireland,N92000002,25/09/2020,273,10223
nation,Northern Ireland,N92000002,24/09/2020,189,9950
nation,Northern Ireland,N92000002,23/09/2020,220,9761
nation,Northern Ireland,N92000002,22/09/2020,75,9541
nation,Northern Ireland,N92000002,21/09/2020,125,9466
nation,Northern Ireland,N92000002,20/09/2020,176,9341
nation,Northern Ireland,N92000002,19/09/2020,222,9165
nation,Northern Ireland,N92000002,18/09/2020,163,8943
nation,Northern Ireland,N92000002,17/09/2020,149,8780
nation,Northern Ireland,N92000002,16/09/2020,129,8631
nation,Northern Ireland,N92000002,15/09/2020,79,8502
nation,Northern Ireland,N92000002,14/09/2020,109,8423
nation,Northern Ireland,N92000002,13/09/2020,87,8314
nation,Northern Ireland,N92000002,12/09/2020,104,8227
nation,Northern Ireland,N92000002,11/09/2020,88,8123
nation,Northern Ireland,N92000002,10/09/2020,78,8035
nation,Northern Ireland,N92000002,09/09/2020,49,7957
nation,Northern Ireland,N92000002,08/09/2020,40,7908
nation,Northern Ireland,N92000002,07/09/2020,141,7868
nation,Northern Ireland,N92000002,06/09/2020,106,7727
nation,Northern Ireland,N92000002,05/09/2020,118,7621
nation,Northern Ireland,N92000002,04/09/2020,61,7503
nation,Northern Ireland,N92000002,03/09/2020,77,7442
nation,Northern Ireland,N92000002,02/09/2020,71,7365
nation,Northern Ireland,N92000002,01/09/2020,49,7294
nation,Northern Ireland,N92000002,31/08/2020,58,7245
nation,Northern Ireland,N92000002,30/08/2020,49,7187
nation,Northern Ireland,N92000002,29/08/2020,89,7138
nation,Northern Ireland,N92000002,28/08/2020,85,7049
nation,Northern Ireland,N92000002,27/08/2020,69,6964
nation,Northern Ireland,N92000002,26/08/2020,72,6895
nation,Northern Ireland,N92000002,25/08/2020,47,6823
nation,Northern Ireland,N92000002,24/08/2020,10,6776
nation,Northern Ireland,N92000002,23/08/2020,119,6766
nation,Northern Ireland,N92000002,22/08/2020,71,6647
nation,Northern Ireland,N92000002,21/08/2020,20,6576
nation,Northern Ireland,N92000002,20/08/2020,51,6556
nation,Northern Ireland,N92000002,19/08/2020,34,6505
nation,Northern Ireland,N92000002,18/08/2020,41,6471
nation,Northern Ireland,N92000002,17/08/2020,39,6430
nation,Northern Ireland,N92000002,16/08/2020,27,6391
nation,Northern Ireland,N92000002,15/08/2020,65,6364
nation,Northern Ireland,N92000002,14/08/2020,74,6299
nation,Northern Ireland,N92000002,13/08/2020,8,6225
nation,Northern Ireland,N92000002,12/08/2020,29,6217
nation,Northern Ireland,N92000002,11/08/2020,48,6188
nation,Northern Ireland,N92000002,10/08/2020,0,6140
nation,Northern Ireland,N92000002,09/08/2020,0,6064
nation,Northern Ireland,N92000002,08/08/2020,0,6064
nation,Northern Ireland,N92000002,07/08/2020,15,6064
nation,Northern Ireland,N92000002,06/08/2020,43,6049
nation,Northern Ireland,N92000002,05/08/2020,10,6006
nation,Northern Ireland,N92000002,04/08/2020,8,5996
nation,Northern Ireland,N92000002,03/08/2020,0,5988
nation,Northern Ireland,N92000002,02/08/2020,0,5948
nation,Northern Ireland,N92000002,01/08/2020,0,5948
nation,Northern Ireland,N92000002,31/07/2020,10,5948
nation,Northern Ireland,N92000002,30/07/2020,8,5938
nation,Northern Ireland,N92000002,29/07/2020,9,5930
nation,Northern Ireland,N92000002,28/07/2020,9,5921
nation,Northern Ireland,N92000002,27/07/2020,0,5912
nation,Northern Ireland,N92000002,26/07/2020,0,5891
nation,Northern Ireland,N92000002,25/07/2020,0,5891
nation,Northern Ireland,N92000002,24/07/2020,15,5891
nation,Northern Ireland,N92000002,23/07/2020,8,5876
nation,Northern Ireland,N92000002,22/07/2020,9,5868
nation,Northern Ireland,N92000002,21/07/2020,2,5859
nation,Northern Ireland,N92000002,20/07/2020,0,5857
nation,Northern Ireland,N92000002,19/07/2020,0,5834
nation,Northern Ireland,N92000002,18/07/2020,0,5834
nation,Northern Ireland,N92000002,17/07/2020,19,5834
nation,Northern Ireland,N92000002,16/07/2020,16,5815
nation,Northern Ireland,N92000002,15/07/2020,9,5799
nation,Northern Ireland,N92000002,14/07/2020,2,5790
nation,Northern Ireland,N92000002,13/07/2020,0,5788
nation,Northern Ireland,N92000002,12/07/2020,0,5772
nation,Northern Ireland,N92000002,11/07/2020,0,5772
nation,Northern Ireland,N92000002,10/07/2020,4,5772
nation,Northern Ireland,N92000002,09/07/2020,3,5768
nation,Northern Ireland,N92000002,08/07/2020,4,5765
nation,Northern Ireland,N92000002,07/07/2020,5,5761
nation,Northern Ireland,N92000002,06/07/2020,0,5756
nation,Northern Ireland,N92000002,05/07/2020,0,5747
nation,Northern Ireland,N92000002,04/07/2020,0,5747
nation,Northern Ireland,N92000002,03/07/2020,4,5747
nation,Northern Ireland,N92000002,02/07/2020,7,5768
nation,Northern Ireland,N92000002,01/07/2020,1,5761
nation,Northern Ireland,N92000002,30/06/2020,3,5760
nation,Northern Ireland,N92000002,29/06/2020,6,5757
nation,Northern Ireland,N92000002,28/06/2020,1,5751
nation,Northern Ireland,N92000002,27/06/2020,2,5750
nation,Northern Ireland,N92000002,26/06/2020,4,5748
nation,Northern Ireland,N92000002,25/06/2020,1,4874
nation,Northern Ireland,N92000002,24/06/2020,2,4873
nation,Northern Ireland,N92000002,23/06/2020,0,4871
nation,Northern Ireland,N92000002,22/06/2020,1,4871
nation,Northern Ireland,N92000002,21/06/2020,4,4870
nation,Northern Ireland,N92000002,20/06/2020,0,4866
nation,Northern Ireland,N92000002,19/06/2020,3,4866
nation,Northern Ireland,N92000002,18/06/2020,1,4863
nation,Northern Ireland,N92000002,17/06/2020,8,4862
nation,Northern Ireland,N92000002,16/06/2020,2,4854
nation,Northern Ireland,N92000002,15/06/2020,4,4852
nation,Northern Ireland,N92000002,14/06/2020,7,4848
nation,Northern Ireland,N92000002,13/06/2020,3,4841
nation,Northern Ireland,N92000002,12/06/2020,16,4838
nation,Northern Ireland,N92000002,11/06/2020,4,4822
nation,Northern Ireland,N92000002,10/06/2020,13,4818
nation,Northern Ireland,N92000002,09/06/2020,3,4805
nation,Northern Ireland,N92000002,08/06/2020,6,4802
nation,Northern Ireland,N92000002,07/06/2020,6,4796
nation,Northern Ireland,N92000002,06/06/2020,14,4790
nation,Northern Ireland,N92000002,05/06/2020,3,4776
nation,Northern Ireland,N92000002,04/06/2020,33,4773
nation,Northern Ireland,N92000002,03/06/2020,8,4740
nation,Northern Ireland,N92000002,02/06/2020,4,4732
nation,Northern Ireland,N92000002,01/06/2020,12,4728
nation,Northern Ireland,N92000002,31/05/2020,7,4716
nation,Northern Ireland,N92000002,30/05/2020,13,4709
nation,Northern Ireland,N92000002,29/05/2020,17,4696
nation,Northern Ireland,N92000002,28/05/2020,16,4679
nation,Northern Ireland,N92000002,27/05/2020,26,4663
nation,Northern Ireland,N92000002,26/05/2020,28,4637
nation,Northern Ireland,N92000002,25/05/2020,39,4609
nation,Northern Ireland,N92000002,24/05/2020,25,4570
nation,Northern Ireland,N92000002,23/05/2020,41,4545
nation,Northern Ireland,N92000002,22/05/2020,23,4504
nation,Northern Ireland,N92000002,21/05/2020,42,4481
nation,Northern Ireland,N92000002,20/05/2020,18,4439
nation,Northern Ireland,N92000002,19/05/2020,20,4421
nation,Northern Ireland,N92000002,18/05/2020,16,4401
nation,Northern Ireland,N92000002,17/05/2020,28,4385
nation,Northern Ireland,N92000002,16/05/2020,40,4357
nation,Northern Ireland,N92000002,15/05/2020,26,4317
nation,Northern Ireland,N92000002,14/05/2020,38,4291
nation,Northern Ireland,N92000002,13/05/2020,60,4253
nation,Northern Ireland,N92000002,12/05/2020,44,4193
nation,Northern Ireland,N92000002,11/05/2020,30,4149
nation,Northern Ireland,N92000002,10/05/2020,41,4119
nation,Northern Ireland,N92000002,09/05/2020,56,4078
nation,Northern Ireland,N92000002,08/05/2020,38,4022
nation,Northern Ireland,N92000002,07/05/2020,50,3984
nation,Northern Ireland,N92000002,06/05/2020,53,3934
nation,Northern Ireland,N92000002,05/05/2020,45,3881
nation,Northern Ireland,N92000002,04/05/2020,69,3836
nation,Northern Ireland,N92000002,03/05/2020,78,3767
nation,Northern Ireland,N92000002,02/05/2020,66,3689
nation,Northern Ireland,N92000002,01/05/2020,87,3623
nation,Northern Ireland,N92000002,30/04/2020,73,3536
nation,Northern Ireland,N92000002,29/04/2020,55,3463
nation,Northern Ireland,N92000002,28/04/2020,34,3408
nation,Northern Ireland,N92000002,27/04/2020,66,3374
nation,Northern Ireland,N92000002,26/04/2020,82,3308
nation,Northern Ireland,N92000002,25/04/2020,104,3226
nation,Northern Ireland,N92000002,24/04/2020,106,3122
nation,Northern Ireland,N92000002,23/04/2020,142,3016
nation,Northern Ireland,N92000002,22/04/2020,116,2874
nation,Northern Ireland,N92000002,21/04/2020,30,2758
nation,Northern Ireland,N92000002,20/04/2020,83,2728
nation,Northern Ireland,N92000002,19/04/2020,159,2645
nation,Northern Ireland,N92000002,18/04/2020,148,2486
nation,Northern Ireland,N92000002,17/04/2020,137,2338
nation,Northern Ireland,N92000002,16/04/2020,113,2201
nation,Northern Ireland,N92000002,15/04/2020,121,2088
nation,Northern Ireland,N92000002,14/04/2020,85,1967
nation,Northern Ireland,N92000002,13/04/2020,76,1882
nation,Northern Ireland,N92000002,12/04/2020,89,1806
nation,Northern Ireland,N92000002,11/04/2020,128,1717
nation,Northern Ireland,N92000002,10/04/2020,112,1589
nation,Northern Ireland,N92000002,09/04/2020,138,1477
nation,Northern Ireland,N92000002,08/04/2020,84,1339
nation,Northern Ireland,N92000002,07/04/2020,97,1255
nation,Northern Ireland,N92000002,06/04/2020,69,1158
nation,Northern Ireland,N92000002,05/04/2020,91,1089
nation,Northern Ireland,N92000002,04/04/2020,94,998
nation,Northern Ireland,N92000002,03/04/2020,130,904
nation,Northern Ireland,N92000002,02/04/2020,85,774
nation,Northern Ireland,N92000002,01/04/2020,103,689
nation,Northern Ireland,N92000002,31/03/2020,53,586
nation,Northern Ireland,N92000002,30/03/2020,123,533
nation,Northern Ireland,N92000002,29/03/2020,86,410
nation,Northern Ireland,N92000002,28/03/2020,49,324
nation,Northern Ireland,N92000002,27/03/2020,34,275
nation,Northern Ireland,N92000002,26/03/2020,32,241
nation,Northern Ireland,N92000002,25/03/2020,37,209
nation,Northern Ireland,N92000002,24/03/2020,24,172
nation,Northern Ireland,N92000002,23/03/2020,20,148
nation,Northern Ireland,N92000002,22/03/2020,20,128
nation,Northern Ireland,N92000002,21/03/2020,22,108
nation,Northern Ireland,N92000002,20/03/2020,9,86
nation,Northern Ireland,N92000002,19/03/2020,9,77
nation,Northern Ireland,N92000002,18/03/2020,6,68
nation,Northern Ireland,N92000002,17/03/2020,10,62
nation,Northern Ireland,N92000002,16/03/2020,7,52
nation,Northern Ireland,N92000002,15/03/2020,11,45
nation,Northern Ireland,N92000002,14/03/2020,5,34
nation,Northern Ireland,N92000002,13/03/2020,10,29
nation,Northern Ireland,N92000002,12/03/2020,1,19
nation,Northern Ireland,N92000002,11/03/2020,2,18
nation,Northern Ireland,N92000002,10/03/2020,0,16
nation,Northern Ireland,N92000002,09/03/2020,3,12
nation,Northern Ireland,N92000002,08/03/2020,5,9
nation,Northern Ireland,N92000002,07/03/2020,2,4
nation,Northern Ireland,N92000002,06/03/2020,2,2
nation,Scotland,S92000003,07/07/2021,3799,303647
nation,Scotland,S92000003,06/07/2021,2363,299848
nation,Scotland,S92000003,05/07/2021,2372,297485
nation,Scotland,S92000003,04/07/2021,2726,295113
nation,Scotland,S92000003,03/07/2021,3108,292387
nation,Scotland,S92000003,02/07/2021,3823,289279
nation,Scotland,S92000003,01/07/2021,4234,285456
nation,Scotland,S92000003,30/06/2021,3887,281222
nation,Scotland,S92000003,29/06/2021,3118,277335
nation,Scotland,S92000003,28/06/2021,3285,274217
nation,Scotland,S92000003,27/06/2021,2639,270932
nation,Scotland,S92000003,26/06/2021,2836,268293
nation,Scotland,S92000003,25/06/2021,1747,265457
nation,Scotland,S92000003,24/06/2021,2999,263710
nation,Scotland,S92000003,23/06/2021,2969,260711
nation,Scotland,S92000003,22/06/2021,2167,257742
nation,Scotland,S92000003,21/06/2021,1250,255575
nation,Scotland,S92000003,20/06/2021,1205,254325
nation,Scotland,S92000003,19/06/2021,1209,253120
nation,Scotland,S92000003,18/06/2021,950,251911
nation,Scotland,S92000003,17/06/2021,1317,250961
nation,Scotland,S92000003,16/06/2021,1129,249644
nation,Scotland,S92000003,15/06/2021,974,248515
nation,Scotland,S92000003,14/06/2021,761,247541
nation,Scotland,S92000003,13/06/2021,1036,246780
nation,Scotland,S92000003,12/06/2021,1030,245744
nation,Scotland,S92000003,11/06/2021,1104,244714
nation,Scotland,S92000003,10/06/2021,735,243610
nation,Scotland,S92000003,09/06/2021,1011,242875
nation,Scotland,S92000003,08/06/2021,695,241864
nation,Scotland,S92000003,07/06/2021,641,241169
nation,Scotland,S92000003,06/06/2021,775,240528
nation,Scotland,S92000003,05/06/2021,860,239753
nation,Scotland,S92000003,04/06/2021,992,238893
nation,Scotland,S92000003,03/06/2021,835,237901
nation,Scotland,S92000003,02/06/2021,677,237066
nation,Scotland,S92000003,01/06/2021,478,236389
nation,Scotland,S92000003,31/05/2021,490,235911
nation,Scotland,S92000003,30/05/2021,526,235421
nation,Scotland,S92000003,29/05/2021,583,234895
nation,Scotland,S92000003,28/05/2021,641,234312
nation,Scotland,S92000003,27/05/2021,464,233671
nation,Scotland,S92000003,26/05/2021,546,233207
nation,Scotland,S92000003,25/05/2021,318,232661
nation,Scotland,S92000003,24/05/2021,313,232343
nation,Scotland,S92000003,23/05/2021,378,232030
nation,Scotland,S92000003,22/05/2021,370,231652
nation,Scotland,S92000003,21/05/2021,414,231282
nation,Scotland,S92000003,20/05/2021,432,230868
nation,Scotland,S92000003,19/05/2021,394,230436
nation,Scotland,S92000003,18/05/2021,268,230042
nation,Scotland,S92000003,17/05/2021,161,229774
nation,Scotland,S92000003,16/05/2021,292,229613
nation,Scotland,S92000003,15/05/2021,413,229321
nation,Scotland,S92000003,14/05/2021,215,228908
nation,Scotland,S92000003,13/05/2021,270,228693
nation,Scotland,S92000003,12/05/2021,345,228423
nation,Scotland,S92000003,11/05/2021,238,228078
nation,Scotland,S92000003,10/05/2021,168,227840
nation,Scotland,S92000003,09/05/2021,200,227672
nation,Scotland,S92000003,08/05/2021,224,227472
nation,Scotland,S92000003,07/05/2021,236,227248
nation,Scotland,S92000003,06/05/2021,283,227012
nation,Scotland,S92000003,05/05/2021,85,226729
nation,Scotland,S92000003,04/05/2021,139,226644
nation,Scotland,S92000003,03/05/2021,132,226505
nation,Scotland,S92000003,02/05/2021,146,226373
nation,Scotland,S92000003,01/05/2021,175,226227
nation,Scotland,S92000003,30/04/2021,191,226052
nation,Scotland,S92000003,29/04/2021,178,225861
nation,Scotland,S92000003,28/04/2021,204,225683
nation,Scotland,S92000003,27/04/2021,133,225479
nation,Scotland,S92000003,26/04/2021,142,225346
nation,Scotland,S92000003,25/04/2021,176,225204
nation,Scotland,S92000003,24/04/2021,177,225028
nation,Scotland,S92000003,23/04/2021,255,224851
nation,Scotland,S92000003,22/04/2021,231,224596
nation,Scotland,S92000003,21/04/2021,273,224365
nation,Scotland,S92000003,20/04/2021,178,224092
nation,Scotland,S92000003,19/04/2021,232,223914
nation,Scotland,S92000003,18/04/2021,211,223682
nation,Scotland,S92000003,17/04/2021,210,223471
nation,Scotland,S92000003,16/04/2021,204,223261
nation,Scotland,S92000003,15/04/2021,237,222897
nation,Scotland,S92000003,14/04/2021,278,222660
nation,Scotland,S92000003,13/04/2021,221,222382
nation,Scotland,S92000003,12/04/2021,199,222161
nation,Scotland,S92000003,11/04/2021,250,221962
nation,Scotland,S92000003,10/04/2021,281,221712
nation,Scotland,S92000003,09/04/2021,285,221431
nation,Scotland,S92000003,08/04/2021,364,221146
nation,Scotland,S92000003,07/04/2021,289,220782
nation,Scotland,S92000003,06/04/2021,259,220493
nation,Scotland,S92000003,05/04/2021,248,220234
nation,Scotland,S92000003,04/04/2021,343,219986
nation,Scotland,S92000003,03/04/2021,397,219643
nation,Scotland,S92000003,02/04/2021,414,219246
nation,Scotland,S92000003,01/04/2021,400,218832
nation,Scotland,S92000003,31/03/2021,542,218432
nation,Scotland,S92000003,30/03/2021,411,217890
nation,Scotland,S92000003,29/03/2021,352,217479
nation,Scotland,S92000003,28/03/2021,422,217127
nation,Scotland,S92000003,27/03/2021,563,216705
nation,Scotland,S92000003,26/03/2021,543,216142
nation,Scotland,S92000003,25/03/2021,701,215599
nation,Scotland,S92000003,24/03/2021,692,215075
nation,Scotland,S92000003,23/03/2021,495,214383
nation,Scotland,S92000003,22/03/2021,359,213888
nation,Scotland,S92000003,21/03/2021,532,213529
nation,Scotland,S92000003,20/03/2021,488,212997
nation,Scotland,S92000003,19/03/2021,655,212509
nation,Scotland,S92000003,18/03/2021,624,211854
nation,Scotland,S92000003,17/03/2021,625,211230
nation,Scotland,S92000003,16/03/2021,597,210605
nation,Scotland,S92000003,15/03/2021,456,210008
nation,Scotland,S92000003,14/03/2021,484,209552
nation,Scotland,S92000003,13/03/2021,639,209068
nation,Scotland,S92000003,12/03/2021,682,208429
nation,Scotland,S92000003,11/03/2021,591,207747
nation,Scotland,S92000003,10/03/2021,691,207156
nation,Scotland,S92000003,09/03/2021,466,206465
nation,Scotland,S92000003,08/03/2021,501,205999
nation,Scotland,S92000003,07/03/2021,390,205498
nation,Scotland,S92000003,06/03/2021,555,205108
nation,Scotland,S92000003,05/03/2021,498,204553
nation,Scotland,S92000003,04/03/2021,500,204055
nation,Scotland,S92000003,03/03/2021,543,203555
nation,Scotland,S92000003,02/03/2021,542,203012
nation,Scotland,S92000003,01/03/2021,386,202470
nation,Scotland,S92000003,28/02/2021,572,202084
nation,Scotland,S92000003,27/02/2021,525,201512
nation,Scotland,S92000003,26/02/2021,581,200987
nation,Scotland,S92000003,25/02/2021,769,200406
nation,Scotland,S92000003,24/02/2021,798,199637
nation,Scotland,S92000003,23/02/2021,655,198839
nation,Scotland,S92000003,22/02/2021,715,198184
nation,Scotland,S92000003,21/02/2021,827,197469
nation,Scotland,S92000003,20/02/2021,803,196642
nation,Scotland,S92000003,19/02/2021,885,195839
nation,Scotland,S92000003,18/02/2021,685,194954
nation,Scotland,S92000003,17/02/2021,1121,194269
nation,Scotland,S92000003,16/02/2021,773,193148
nation,Scotland,S92000003,15/02/2021,559,192375
nation,Scotland,S92000003,14/02/2021,903,191816
nation,Scotland,S92000003,13/02/2021,908,190913
nation,Scotland,S92000003,12/02/2021,830,190005
nation,Scotland,S92000003,11/02/2021,830,189175
nation,Scotland,S92000003,10/02/2021,803,188345
nation,Scotland,S92000003,09/02/2021,822,187542
nation,Scotland,S92000003,08/02/2021,928,186720
nation,Scotland,S92000003,07/02/2021,584,185792
nation,Scotland,S92000003,06/02/2021,895,185208
nation,Scotland,S92000003,05/02/2021,895,184313
nation,Scotland,S92000003,04/02/2021,1149,183418
nation,Scotland,S92000003,03/02/2021,978,182269
nation,Scotland,S92000003,02/02/2021,758,181291
nation,Scotland,S92000003,01/02/2021,848,180533
nation,Scotland,S92000003,31/01/2021,1003,179685
nation,Scotland,S92000003,30/01/2021,994,178682
nation,Scotland,S92000003,29/01/2021,1155,177688
nation,Scotland,S92000003,28/01/2021,1201,176533
nation,Scotland,S92000003,27/01/2021,1330,175332
nation,Scotland,S92000003,26/01/2021,1049,174002
nation,Scotland,S92000003,25/01/2021,752,172953
nation,Scotland,S92000003,24/01/2021,1195,172201
nation,Scotland,S92000003,23/01/2021,1307,171006
nation,Scotland,S92000003,22/01/2021,1480,169699
nation,Scotland,S92000003,21/01/2021,1636,168219
nation,Scotland,S92000003,20/01/2021,1656,166583
nation,Scotland,S92000003,19/01/2021,1165,164927
nation,Scotland,S92000003,18/01/2021,1429,163762
nation,Scotland,S92000003,17/01/2021,1341,162333
nation,Scotland,S92000003,16/01/2021,1753,160992
nation,Scotland,S92000003,15/01/2021,2160,159239
nation,Scotland,S92000003,14/01/2021,1707,157079
nation,Scotland,S92000003,13/01/2021,1949,155372
nation,Scotland,S92000003,12/01/2021,1875,153423
nation,Scotland,S92000003,11/01/2021,1782,151548
nation,Scotland,S92000003,10/01/2021,1877,149766
nation,Scotland,S92000003,09/01/2021,1865,147889
nation,Scotland,S92000003,08/01/2021,2309,146024
nation,Scotland,S92000003,07/01/2021,2649,143715
nation,Scotland,S92000003,06/01/2021,2039,141066
nation,Scotland,S92000003,05/01/2021,2529,139027
nation,Scotland,S92000003,04/01/2021,1905,136498
nation,Scotland,S92000003,03/01/2021,2464,134593
nation,Scotland,S92000003,02/01/2021,2137,132129
nation,Scotland,S92000003,01/01/2021,2539,129992
nation,Scotland,S92000003,31/12/2020,2622,127453
nation,Scotland,S92000003,30/12/2020,2045,124831
nation,Scotland,S92000003,29/12/2020,1895,122786
nation,Scotland,S92000003,28/12/2020,967,120891
nation,Scotland,S92000003,27/12/2020,740,119924
nation,Scotland,S92000003,26/12/2020,1149,119184
nation,Scotland,S92000003,25/12/2020,1165,118035
nation,Scotland,S92000003,24/12/2020,1314,116870
nation,Scotland,S92000003,23/12/2020,1190,115556
nation,Scotland,S92000003,22/12/2020,1316,114366
nation,Scotland,S92000003,21/12/2020,1504,113050
nation,Scotland,S92000003,20/12/2020,934,111546
nation,Scotland,S92000003,19/12/2020,572,110612
nation,Scotland,S92000003,18/12/2020,744,110040
nation,Scotland,S92000003,17/12/2020,858,109296
nation,Scotland,S92000003,16/12/2020,689,108438
nation,Scotland,S92000003,15/12/2020,845,107749
nation,Scotland,S92000003,14/12/2020,734,106904
nation,Scotland,S92000003,13/12/2020,800,106170
nation,Scotland,S92000003,12/12/2020,1064,105370
nation,Scotland,S92000003,11/12/2020,1001,104306
nation,Scotland,S92000003,10/12/2020,933,103305
nation,Scotland,S92000003,09/12/2020,897,102372
nation,Scotland,S92000003,08/12/2020,692,101475
nation,Scotland,S92000003,07/12/2020,677,100783
nation,Scotland,S92000003,06/12/2020,643,100106
nation,Scotland,S92000003,05/12/2020,777,99463
nation,Scotland,S92000003,04/12/2020,966,98686
nation,Scotland,S92000003,03/12/2020,958,97720
nation,Scotland,S92000003,02/12/2020,951,96762
nation,Scotland,S92000003,01/12/2020,754,95811
nation,Scotland,S92000003,30/11/2020,369,95058
nation,Scotland,S92000003,29/11/2020,746,94689
nation,Scotland,S92000003,28/11/2020,788,93943
nation,Scotland,S92000003,27/11/2020,969,93155
nation,Scotland,S92000003,26/11/2020,1225,92186
nation,Scotland,S92000003,25/11/2020,880,90961
nation,Scotland,S92000003,24/11/2020,771,90081
nation,Scotland,S92000003,23/11/2020,949,89310
nation,Scotland,S92000003,22/11/2020,844,88361
nation,Scotland,S92000003,21/11/2020,887,87517
nation,Scotland,S92000003,20/11/2020,1018,86630
nation,Scotland,S92000003,19/11/2020,1089,85612
nation,Scotland,S92000003,18/11/2020,1264,84523
nation,Scotland,S92000003,17/11/2020,1248,83259
nation,Scotland,S92000003,16/11/2020,717,82011
nation,Scotland,S92000003,15/11/2020,1159,81294
nation,Scotland,S92000003,14/11/2020,1118,80135
nation,Scotland,S92000003,13/11/2020,1357,79017
nation,Scotland,S92000003,12/11/2020,1212,77660
nation,Scotland,S92000003,11/11/2020,1261,76448
nation,Scotland,S92000003,10/11/2020,832,75187
nation,Scotland,S92000003,09/11/2020,912,74355
nation,Scotland,S92000003,08/11/2020,1115,73443
nation,Scotland,S92000003,07/11/2020,1596,72328
nation,Scotland,S92000003,06/11/2020,1072,70732
nation,Scotland,S92000003,05/11/2020,1216,69660
nation,Scotland,S92000003,04/11/2020,1433,68444
nation,Scotland,S92000003,03/11/2020,999,67011
nation,Scotland,S92000003,02/11/2020,951,66012
nation,Scotland,S92000003,01/11/2020,1148,65061
nation,Scotland,S92000003,31/10/2020,1101,63913
nation,Scotland,S92000003,30/10/2020,1281,62812
nation,Scotland,S92000003,29/10/2020,1128,61531
nation,Scotland,S92000003,28/10/2020,1202,60403
nation,Scotland,S92000003,27/10/2020,1327,59201
nation,Scotland,S92000003,26/10/2020,1122,57874
nation,Scotland,S92000003,25/10/2020,1303,56752
nation,Scotland,S92000003,24/10/2020,1433,55449
nation,Scotland,S92000003,23/10/2020,1401,54016
nation,Scotland,S92000003,22/10/2020,1712,52615
nation,Scotland,S92000003,21/10/2020,1739,50903
nation,Scotland,S92000003,20/10/2020,1456,49164
nation,Scotland,S92000003,19/10/2020,993,47708
nation,Scotland,S92000003,18/10/2020,316,46715
nation,Scotland,S92000003,17/10/2020,1167,46399
nation,Scotland,S92000003,16/10/2020,1196,45232
nation,Scotland,S92000003,15/10/2020,1351,44036
nation,Scotland,S92000003,14/10/2020,1429,42685
nation,Scotland,S92000003,13/10/2020,1297,41256
nation,Scotland,S92000003,12/10/2020,961,39959
nation,Scotland,S92000003,11/10/2020,956,38998
nation,Scotland,S92000003,10/10/2020,1009,38042
nation,Scotland,S92000003,09/10/2020,1246,37033
nation,Scotland,S92000003,08/10/2020,1027,35787
nation,Scotland,S92000003,07/10/2020,1054,34760
nation,Scotland,S92000003,06/10/2020,800,33706
nation,Scotland,S92000003,05/10/2020,697,32906
nation,Scotland,S92000003,04/10/2020,758,32209
nation,Scotland,S92000003,03/10/2020,764,31451
nation,Scotland,S92000003,02/10/2020,775,30687
nation,Scotland,S92000003,01/10/2020,668,29912
nation,Scotland,S92000003,30/09/2020,640,29244
nation,Scotland,S92000003,29/09/2020,806,28604
nation,Scotland,S92000003,28/09/2020,222,27798
nation,Scotland,S92000003,27/09/2020,344,27576
nation,Scotland,S92000003,26/09/2020,714,27232
nation,Scotland,S92000003,25/09/2020,558,26518
nation,Scotland,S92000003,24/09/2020,465,25960
nation,Scotland,S92000003,23/09/2020,486,25495
nation,Scotland,S92000003,22/09/2020,383,25009
nation,Scotland,S92000003,21/09/2020,255,24626
nation,Scotland,S92000003,20/09/2020,245,24371
nation,Scotland,S92000003,19/09/2020,350,24126
nation,Scotland,S92000003,18/09/2020,203,23776
nation,Scotland,S92000003,17/09/2020,290,23573
nation,Scotland,S92000003,16/09/2020,267,23283
nation,Scotland,S92000003,15/09/2020,267,23016
nation,Scotland,S92000003,14/09/2020,70,22749
nation,Scotland,S92000003,13/09/2020,244,22679
nation,Scotland,S92000003,12/09/2020,221,22435
nation,Scotland,S92000003,11/09/2020,175,22214
nation,Scotland,S92000003,10/09/2020,161,22039
nation,Scotland,S92000003,09/09/2020,159,21878
nation,Scotland,S92000003,08/09/2020,176,21719
nation,Scotland,S92000003,07/09/2020,146,21543
nation,Scotland,S92000003,06/09/2020,208,21397
nation,Scotland,S92000003,05/09/2020,141,21189
nation,Scotland,S92000003,04/09/2020,159,21048
nation,Scotland,S92000003,03/09/2020,101,20889
nation,Scotland,S92000003,02/09/2020,156,20788
nation,Scotland,S92000003,01/09/2020,154,20632
nation,Scotland,S92000003,31/08/2020,160,20478
nation,Scotland,S92000003,30/08/2020,123,20318
nation,Scotland,S92000003,29/08/2020,88,20195
nation,Scotland,S92000003,28/08/2020,51,20107
nation,Scotland,S92000003,27/08/2020,68,20056
nation,Scotland,S92000003,26/08/2020,67,19988
nation,Scotland,S92000003,25/08/2020,44,19921
nation,Scotland,S92000003,24/08/2020,66,19877
nation,Scotland,S92000003,23/08/2020,83,19811
nation,Scotland,S92000003,22/08/2020,123,19728
nation,Scotland,S92000003,21/08/2020,71,19605
nation,Scotland,S92000003,20/08/2020,77,19534
nation,Scotland,S92000003,19/08/2020,50,19457
nation,Scotland,S92000003,18/08/2020,49,19407
nation,Scotland,S92000003,17/08/2020,26,19358
nation,Scotland,S92000003,16/08/2020,43,19332
nation,Scotland,S92000003,15/08/2020,51,19289
nation,Scotland,S92000003,14/08/2020,65,19238
nation,Scotland,S92000003,13/08/2020,47,19173
nation,Scotland,S92000003,12/08/2020,47,19126
nation,Scotland,S92000003,11/08/2020,52,19079
nation,Scotland,S92000003,10/08/2020,29,19027
nation,Scotland,S92000003,09/08/2020,48,18998
nation,Scotland,S92000003,08/08/2020,60,18950
nation,Scotland,S92000003,07/08/2020,43,18890
nation,Scotland,S92000003,06/08/2020,66,18847
nation,Scotland,S92000003,05/08/2020,64,18781
nation,Scotland,S92000003,04/08/2020,23,18717
nation,Scotland,S92000003,03/08/2020,18,18694
nation,Scotland,S92000003,02/08/2020,31,18676
nation,Scotland,S92000003,01/08/2020,18,18645
nation,Scotland,S92000003,31/07/2020,30,18627
nation,Scotland,S92000003,30/07/2020,17,18597
nation,Scotland,S92000003,29/07/2020,22,18580
nation,Scotland,S92000003,28/07/2020,4,18558
nation,Scotland,S92000003,27/07/2020,3,18554
nation,Scotland,S92000003,26/07/2020,4,18551
nation,Scotland,S92000003,25/07/2020,27,18547
nation,Scotland,S92000003,24/07/2020,20,18520
nation,Scotland,S92000003,23/07/2020,16,18500
nation,Scotland,S92000003,22/07/2020,10,18484
nation,Scotland,S92000003,21/07/2020,22,18474
nation,Scotland,S92000003,20/07/2020,7,18452
nation,Scotland,S92000003,19/07/2020,23,18445
nation,Scotland,S92000003,18/07/2020,21,18422
nation,Scotland,S92000003,17/07/2020,17,18401
nation,Scotland,S92000003,16/07/2020,11,18384
nation,Scotland,S92000003,15/07/2020,5,18373
nation,Scotland,S92000003,14/07/2020,3,18368
nation,Scotland,S92000003,13/07/2020,6,18365
nation,Scotland,S92000003,12/07/2020,19,18359
nation,Scotland,S92000003,11/07/2020,7,18340
nation,Scotland,S92000003,10/07/2020,18,18333
nation,Scotland,S92000003,09/07/2020,6,18315
nation,Scotland,S92000003,08/07/2020,7,18309
nation,Scotland,S92000003,07/07/2020,2,18302
nation,Scotland,S92000003,06/07/2020,4,18300
nation,Scotland,S92000003,05/07/2020,9,18296
nation,Scotland,S92000003,04/07/2020,11,18287
nation,Scotland,S92000003,03/07/2020,12,18276
nation,Scotland,S92000003,02/07/2020,5,18264
nation,Scotland,S92000003,01/07/2020,8,18259
nation,Scotland,S92000003,30/06/2020,10,18251
nation,Scotland,S92000003,29/06/2020,5,18241
nation,Scotland,S92000003,28/06/2020,8,18236
nation,Scotland,S92000003,27/06/2020,15,18228
nation,Scotland,S92000003,26/06/2020,17,18213
nation,Scotland,S92000003,25/06/2020,5,18196
nation,Scotland,S92000003,24/06/2020,9,18191
nation,Scotland,S92000003,23/06/2020,12,18182
nation,Scotland,S92000003,22/06/2020,14,18170
nation,Scotland,S92000003,21/06/2020,26,18156
nation,Scotland,S92000003,20/06/2020,26,18130
nation,Scotland,S92000003,19/06/2020,27,18104
nation,Scotland,S92000003,18/06/2020,11,18077
nation,Scotland,S92000003,17/06/2020,21,18066
nation,Scotland,S92000003,16/06/2020,15,18045
nation,Scotland,S92000003,15/06/2020,29,18030
nation,Scotland,S92000003,14/06/2020,25,15755
nation,Scotland,S92000003,13/06/2020,21,15730
nation,Scotland,S92000003,12/06/2020,27,15709
nation,Scotland,S92000003,11/06/2020,17,15682
nation,Scotland,S92000003,10/06/2020,12,15665
nation,Scotland,S92000003,09/06/2020,14,15653
nation,Scotland,S92000003,08/06/2020,18,15639
nation,Scotland,S92000003,07/06/2020,18,15621
nation,Scotland,S92000003,06/06/2020,21,15603
nation,Scotland,S92000003,05/06/2020,29,15582
nation,Scotland,S92000003,04/06/2020,49,15553
nation,Scotland,S92000003,03/06/2020,33,15504
nation,Scotland,S92000003,02/06/2020,53,15471
nation,Scotland,S92000003,01/06/2020,18,15418
nation,Scotland,S92000003,31/05/2020,18,15400
nation,Scotland,S92000003,30/05/2020,55,15382
nation,Scotland,S92000003,29/05/2020,39,15327
nation,Scotland,S92000003,28/05/2020,48,15288
nation,Scotland,S92000003,27/05/2020,55,15240
nation,Scotland,S92000003,26/05/2020,29,15185
nation,Scotland,S92000003,25/05/2020,55,15156
nation,Scotland,S92000003,24/05/2020,60,15101
nation,Scotland,S92000003,23/05/2020,72,15041
nation,Scotland,S92000003,22/05/2020,113,14969
nation,Scotland,S92000003,21/05/2020,105,14856
nation,Scotland,S92000003,20/05/2020,96,14751
nation,Scotland,S92000003,19/05/2020,61,14655
nation,Scotland,S92000003,18/05/2020,57,14594
nation,Scotland,S92000003,17/05/2020,90,14537
nation,Scotland,S92000003,16/05/2020,187,14447
nation,Scotland,S92000003,15/05/2020,143,14260
nation,Scotland,S92000003,14/05/2020,188,14117
nation,Scotland,S92000003,13/05/2020,166,13929
nation,Scotland,S92000003,12/05/2020,136,13763
nation,Scotland,S92000003,11/05/2020,141,13627
nation,Scotland,S92000003,10/05/2020,181,13486
nation,Scotland,S92000003,09/05/2020,156,13305
nation,Scotland,S92000003,08/05/2020,225,13149
nation,Scotland,S92000003,07/05/2020,215,12924
nation,Scotland,S92000003,06/05/2020,272,12709
nation,Scotland,S92000003,05/05/2020,171,12437
nation,Scotland,S92000003,04/05/2020,169,12266
nation,Scotland,S92000003,03/05/2020,170,12097
nation,Scotland,S92000003,02/05/2020,273,11927
nation,Scotland,S92000003,01/05/2020,301,11654
nation,Scotland,S92000003,30/04/2020,319,11353
nation,Scotland,S92000003,29/04/2020,313,11034
nation,Scotland,S92000003,28/04/2020,200,10721
nation,Scotland,S92000003,27/04/2020,197,10521
nation,Scotland,S92000003,26/04/2020,273,10324
nation,Scotland,S92000003,25/04/2020,354,10051
nation,Scotland,S92000003,24/04/2020,288,9697
nation,Scotland,S92000003,23/04/2020,371,9409
nation,Scotland,S92000003,22/04/2020,366,9038
nation,Scotland,S92000003,21/04/2020,222,8672
nation,Scotland,S92000003,20/04/2020,263,8450
nation,Scotland,S92000003,19/04/2020,367,8187
nation,Scotland,S92000003,18/04/2020,411,7820
nation,Scotland,S92000003,17/04/2020,307,7409
nation,Scotland,S92000003,16/04/2020,354,7102
nation,Scotland,S92000003,15/04/2020,390,6748
nation,Scotland,S92000003,14/04/2020,291,6358
nation,Scotland,S92000003,13/04/2020,155,6067
nation,Scotland,S92000003,12/04/2020,322,5912
nation,Scotland,S92000003,11/04/2020,315,5590
nation,Scotland,S92000003,10/04/2020,318,5275
nation,Scotland,S92000003,09/04/2020,392,4957
nation,Scotland,S92000003,08/04/2020,336,4565
nation,Scotland,S92000003,07/04/2020,268,4229
nation,Scotland,S92000003,06/04/2020,255,3961
nation,Scotland,S92000003,05/04/2020,361,3706
nation,Scotland,S92000003,04/04/2020,344,3345
nation,Scotland,S92000003,03/04/2020,399,3001
nation,Scotland,S92000003,02/04/2020,292,2602
nation,Scotland,S92000003,01/04/2020,317,2310
nation,Scotland,S92000003,31/03/2020,430,1993
nation,Scotland,S92000003,30/03/2020,179,1563
nation,Scotland,S92000003,29/03/2020,139,1384
nation,Scotland,S92000003,28/03/2020,186,1245
nation,Scotland,S92000003,27/03/2020,165,1059
nation,Scotland,S92000003,26/03/2020,175,894
nation,Scotland,S92000003,25/03/2020,135,719
nation,Scotland,S92000003,24/03/2020,85,584
nation,Scotland,S92000003,23/03/2020,83,499
nation,Scotland,S92000003,22/03/2020,43,416
nation,Scotland,S92000003,21/03/2020,51,373
nation,Scotland,S92000003,20/03/2020,56,322
nation,Scotland,S92000003,19/03/2020,39,266
nation,Scotland,S92000003,18/03/2020,32,227
nation,Scotland,S92000003,17/03/2020,24,195
nation,Scotland,S92000003,16/03/2020,18,171
nation,Scotland,S92000003,15/03/2020,32,153
nation,Scotland,S92000003,14/03/2020,36,121
nation,Scotland,S92000003,13/03/2020,25,85
nation,Scotland,S92000003,12/03/2020,24,60
nation,Scotland,S92000003,11/03/2020,9,36
nation,Scotland,S92000003,10/03/2020,4,27
nation,Scotland,S92000003,09/03/2020,5,23
nation,Scotland,S92000003,08/03/2020,2,18
nation,Scotland,S92000003,07/03/2020,5,16
nation,Scotland,S92000003,06/03/2020,5,11
nation,Scotland,S92000003,05/03/2020,3,6
nation,Scotland,S92000003,04/03/2020,2,3
nation,Scotland,S92000003,03/03/2020,0,1
nation,Scotland,S92000003,02/03/2020,1,1
nation,Wales,W92000004,07/07/2021,663,222448
nation,Wales,W92000004,06/07/2021,698,221785
nation,Wales,W92000004,05/07/2021,1256,221087
nation,Wales,W92000004,04/07/2021,535,219831
nation,Wales,W92000004,03/07/2021,0,219296
nation,Wales,W92000004,02/07/2021,570,219296
nation,Wales,W92000004,01/07/2021,481,218726
nation,Wales,W92000004,30/06/2021,513,218245
nation,Wales,W92000004,29/06/2021,281,217732
nation,Wales,W92000004,28/06/2021,670,217452
nation,Wales,W92000004,27/06/2021,416,216782
nation,Wales,W92000004,26/06/2021,0,216366
nation,Wales,W92000004,25/06/2021,336,216366
nation,Wales,W92000004,24/06/2021,438,216030
nation,Wales,W92000004,23/06/2021,213,215593
nation,Wales,W92000004,22/06/2021,175,215380
nation,Wales,W92000004,21/06/2021,484,215205
nation,Wales,W92000004,20/06/2021,176,214721
nation,Wales,W92000004,19/06/2021,0,214545
nation,Wales,W92000004,18/06/2021,163,214545
nation,Wales,W92000004,17/06/2021,140,214382
nation,Wales,W92000004,16/06/2021,141,214243
nation,Wales,W92000004,15/06/2021,98,214102
nation,Wales,W92000004,14/06/2021,247,214004
nation,Wales,W92000004,13/06/2021,115,213757
nation,Wales,W92000004,12/06/2021,0,213642
nation,Wales,W92000004,11/06/2021,118,213642
nation,Wales,W92000004,10/06/2021,113,213524
nation,Wales,W92000004,09/06/2021,223,213411
nation,Wales,W92000004,08/06/2021,22,213188
nation,Wales,W92000004,07/06/2021,75,213166
nation,Wales,W92000004,06/06/2021,92,213091
nation,Wales,W92000004,05/06/2021,0,212999
nation,Wales,W92000004,04/06/2021,71,212999
nation,Wales,W92000004,03/06/2021,49,212928
nation,Wales,W92000004,02/06/2021,83,212879
nation,Wales,W92000004,01/06/2021,94,212796
nation,Wales,W92000004,31/05/2021,0,212702
nation,Wales,W92000004,30/05/2021,30,212702
nation,Wales,W92000004,29/05/2021,0,212672
nation,Wales,W92000004,28/05/2021,32,212672
nation,Wales,W92000004,27/05/2021,58,212640
nation,Wales,W92000004,26/05/2021,28,212582
nation,Wales,W92000004,25/05/2021,19,212554
nation,Wales,W92000004,24/05/2021,101,212535
nation,Wales,W92000004,23/05/2021,46,212434
nation,Wales,W92000004,22/05/2021,0,212388
nation,Wales,W92000004,21/05/2021,28,212388
nation,Wales,W92000004,20/05/2021,45,212361
nation,Wales,W92000004,19/05/2021,44,212316
nation,Wales,W92000004,18/05/2021,32,212272
nation,Wales,W92000004,17/05/2021,91,212240
nation,Wales,W92000004,16/05/2021,54,212149
nation,Wales,W92000004,15/05/2021,0,212095
nation,Wales,W92000004,14/05/2021,54,212095
nation,Wales,W92000004,13/05/2021,59,212041
nation,Wales,W92000004,12/05/2021,22,211983
nation,Wales,W92000004,11/05/2021,30,211961
nation,Wales,W92000004,10/05/2021,104,211931
nation,Wales,W92000004,09/05/2021,54,211827
nation,Wales,W92000004,08/05/2021,0,211773
nation,Wales,W92000004,07/05/2021,47,211773
nation,Wales,W92000004,06/05/2021,34,211726
nation,Wales,W92000004,05/05/2021,54,211692
nation,Wales,W92000004,04/05/2021,65,211638
nation,Wales,W92000004,03/05/2021,0,211573
nation,Wales,W92000004,02/05/2021,79,211573
nation,Wales,W92000004,01/05/2021,0,211494
nation,Wales,W92000004,30/04/2021,36,211494
nation,Wales,W92000004,29/04/2021,69,211458
nation,Wales,W92000004,28/04/2021,35,211389
nation,Wales,W92000004,27/04/2021,33,211354
nation,Wales,W92000004,26/04/2021,97,211321
nation,Wales,W92000004,25/04/2021,62,211224
nation,Wales,W92000004,24/04/2021,0,211162
nation,Wales,W92000004,23/04/2021,58,211162
nation,Wales,W92000004,22/04/2021,63,211104
nation,Wales,W92000004,21/04/2021,64,211042
nation,Wales,W92000004,20/04/2021,53,210978
nation,Wales,W92000004,19/04/2021,102,210925
nation,Wales,W92000004,18/04/2021,94,210823
nation,Wales,W92000004,17/04/2021,0,210729
nation,Wales,W92000004,16/04/2021,48,210729
nation,Wales,W92000004,15/04/2021,105,210681
nation,Wales,W92000004,14/04/2021,62,210577
nation,Wales,W92000004,13/04/2021,69,210515
nation,Wales,W92000004,12/04/2021,50,210447
nation,Wales,W92000004,11/04/2021,53,210397
nation,Wales,W92000004,10/04/2021,130,210344
nation,Wales,W92000004,09/04/2021,114,210219
nation,Wales,W92000004,08/04/2021,82,210105
nation,Wales,W92000004,07/04/2021,82,210023
nation,Wales,W92000004,06/04/2021,126,209942
nation,Wales,W92000004,05/04/2021,189,209816
nation,Wales,W92000004,04/04/2021,0,209627
nation,Wales,W92000004,03/04/2021,95,209627
nation,Wales,W92000004,02/04/2021,0,209532
nation,Wales,W92000004,01/04/2021,188,209532
nation,Wales,W92000004,31/03/2021,60,209345
nation,Wales,W92000004,30/03/2021,94,209285
nation,Wales,W92000004,29/03/2021,125,209191
nation,Wales,W92000004,28/03/2021,171,209066
nation,Wales,W92000004,27/03/2021,201,208895
nation,Wales,W92000004,26/03/2021,190,208694
nation,Wales,W92000004,25/03/2021,227,208504
nation,Wales,W92000004,24/03/2021,159,208277
nation,Wales,W92000004,23/03/2021,127,208119
nation,Wales,W92000004,22/03/2021,150,207992
nation,Wales,W92000004,21/03/2021,196,207842
nation,Wales,W92000004,20/03/2021,208,207646
nation,Wales,W92000004,19/03/2021,201,207438
nation,Wales,W92000004,18/03/2021,297,207237
nation,Wales,W92000004,17/03/2021,145,206940
nation,Wales,W92000004,16/03/2021,142,206795
nation,Wales,W92000004,15/03/2021,248,206653
nation,Wales,W92000004,14/03/2021,217,206405
nation,Wales,W92000004,13/03/2021,210,206188
nation,Wales,W92000004,12/03/2021,190,205978
nation,Wales,W92000004,11/03/2021,195,205788
nation,Wales,W92000004,10/03/2021,225,205593
nation,Wales,W92000004,09/03/2021,166,205368
nation,Wales,W92000004,08/03/2021,164,205202
nation,Wales,W92000004,07/03/2021,152,205038
nation,Wales,W92000004,06/03/2021,195,204886
nation,Wales,W92000004,05/03/2021,230,204692
nation,Wales,W92000004,04/03/2021,267,204463
nation,Wales,W92000004,03/03/2021,208,204196
nation,Wales,W92000004,02/03/2021,170,203988
nation,Wales,W92000004,01/03/2021,193,203818
nation,Wales,W92000004,28/02/2021,247,203625
nation,Wales,W92000004,27/02/2021,198,203378
nation,Wales,W92000004,26/02/2021,308,203180
nation,Wales,W92000004,25/02/2021,312,202872
nation,Wales,W92000004,24/02/2021,236,202560
nation,Wales,W92000004,23/02/2021,317,202324
nation,Wales,W92000004,22/02/2021,319,202007
nation,Wales,W92000004,21/02/2021,336,201688
nation,Wales,W92000004,20/02/2021,363,201352
nation,Wales,W92000004,19/02/2021,533,200989
nation,Wales,W92000004,18/02/2021,290,200456
nation,Wales,W92000004,17/02/2021,374,200166
nation,Wales,W92000004,16/02/2021,275,199793
nation,Wales,W92000004,15/02/2021,363,199518
nation,Wales,W92000004,14/02/2021,394,199155
nation,Wales,W92000004,13/02/2021,400,198761
nation,Wales,W92000004,12/02/2021,608,198362
nation,Wales,W92000004,11/02/2021,410,197754
nation,Wales,W92000004,10/02/2021,323,197344
nation,Wales,W92000004,09/02/2021,351,197021
nation,Wales,W92000004,08/02/2021,610,196670
nation,Wales,W92000004,07/02/2021,461,196060
nation,Wales,W92000004,06/02/2021,675,195599
nation,Wales,W92000004,05/02/2021,399,194924
nation,Wales,W92000004,04/02/2021,544,194525
nation,Wales,W92000004,03/02/2021,455,193981
nation,Wales,W92000004,02/02/2021,614,193526
nation,Wales,W92000004,01/02/2021,630,192912
nation,Wales,W92000004,31/01/2021,605,192282
nation,Wales,W92000004,30/01/2021,737,191677
nation,Wales,W92000004,29/01/2021,546,190940
nation,Wales,W92000004,28/01/2021,705,190394
nation,Wales,W92000004,27/01/2021,537,189689
nation,Wales,W92000004,26/01/2021,570,189152
nation,Wales,W92000004,25/01/2021,872,188583
nation,Wales,W92000004,24/01/2021,796,187711
nation,Wales,W92000004,23/01/2021,1079,186915
nation,Wales,W92000004,22/01/2021,801,185836
nation,Wales,W92000004,21/01/2021,1153,185035
nation,Wales,W92000004,20/01/2021,1283,183882
nation,Wales,W92000004,19/01/2021,1106,182599
nation,Wales,W92000004,18/01/2021,1332,181493
nation,Wales,W92000004,17/01/2021,1172,180161
nation,Wales,W92000004,16/01/2021,1129,178989
nation,Wales,W92000004,15/01/2021,1808,177864
nation,Wales,W92000004,14/01/2021,1644,176056
nation,Wales,W92000004,13/01/2021,1533,174412
nation,Wales,W92000004,12/01/2021,1332,172879
nation,Wales,W92000004,11/01/2021,1793,171547
nation,Wales,W92000004,10/01/2021,1660,169754
nation,Wales,W92000004,09/01/2021,2373,168094
nation,Wales,W92000004,08/01/2021,2487,165721
nation,Wales,W92000004,07/01/2021,1718,163234
nation,Wales,W92000004,06/01/2021,2238,161516
nation,Wales,W92000004,05/01/2021,2069,159278
nation,Wales,W92000004,04/01/2021,1898,157209
nation,Wales,W92000004,03/01/2021,4011,155311
nation,Wales,W92000004,02/01/2021,2764,151300
nation,Wales,W92000004,01/01/2021,0,148537
nation,Wales,W92000004,31/12/2020,1831,148537
nation,Wales,W92000004,30/12/2020,2281,146706
nation,Wales,W92000004,29/12/2020,2510,144425
nation,Wales,W92000004,28/12/2020,2273,141915
nation,Wales,W92000004,27/12/2020,4142,139642
nation,Wales,W92000004,26/12/2020,2237,135500
nation,Wales,W92000004,25/12/2020,0,133263
nation,Wales,W92000004,24/12/2020,2161,133263
nation,Wales,W92000004,23/12/2020,3013,131102
nation,Wales,W92000004,22/12/2020,2761,128089
nation,Wales,W92000004,21/12/2020,2563,125329
nation,Wales,W92000004,20/12/2020,2334,122766
nation,Wales,W92000004,19/12/2020,3065,120432
nation,Wales,W92000004,18/12/2020,2801,117367
nation,Wales,W92000004,17/12/2020,11468,114566
nation,Wales,W92000004,16/12/2020,530,103098
nation,Wales,W92000004,15/12/2020,615,102568
nation,Wales,W92000004,14/12/2020,1228,101953
nation,Wales,W92000004,13/12/2020,0,100725
nation,Wales,W92000004,12/12/2020,2494,100725
nation,Wales,W92000004,11/12/2020,2234,98232
nation,Wales,W92000004,10/12/2020,1968,95998
nation,Wales,W92000004,09/12/2020,2238,94030
nation,Wales,W92000004,08/12/2020,780,91792
nation,Wales,W92000004,07/12/2020,2021,91013
nation,Wales,W92000004,06/12/2020,1916,88992
nation,Wales,W92000004,05/12/2020,1645,87077
nation,Wales,W92000004,04/12/2020,1471,85432
nation,Wales,W92000004,03/12/2020,1473,83961
nation,Wales,W92000004,02/12/2020,1480,82489
nation,Wales,W92000004,01/12/2020,667,81009
nation,Wales,W92000004,30/11/2020,802,80342
nation,Wales,W92000004,29/11/2020,1004,79540
nation,Wales,W92000004,28/11/2020,1445,78536
nation,Wales,W92000004,27/11/2020,1105,77091
nation,Wales,W92000004,26/11/2020,1251,75986
nation,Wales,W92000004,25/11/2020,907,74735
nation,Wales,W92000004,24/11/2020,595,73828
nation,Wales,W92000004,23/11/2020,892,73233
nation,Wales,W92000004,22/11/2020,808,72341
nation,Wales,W92000004,21/11/2020,1016,71533
nation,Wales,W92000004,20/11/2020,1020,70517
nation,Wales,W92000004,19/11/2020,1048,69497
nation,Wales,W92000004,18/11/2020,638,68449
nation,Wales,W92000004,17/11/2020,705,67811
nation,Wales,W92000004,16/11/2020,892,67106
nation,Wales,W92000004,15/11/2020,1333,66214
nation,Wales,W92000004,14/11/2020,933,64881
nation,Wales,W92000004,13/11/2020,797,63948
nation,Wales,W92000004,12/11/2020,867,63151
nation,Wales,W92000004,11/11/2020,928,62284
nation,Wales,W92000004,10/11/2020,444,61356
nation,Wales,W92000004,09/11/2020,931,60912
nation,Wales,W92000004,08/11/2020,744,59981
nation,Wales,W92000004,07/11/2020,958,59237
nation,Wales,W92000004,06/11/2020,1352,58279
nation,Wales,W92000004,05/11/2020,1272,56927
nation,Wales,W92000004,04/11/2020,1202,55658
nation,Wales,W92000004,03/11/2020,1119,54456
nation,Wales,W92000004,02/11/2020,1646,53337
nation,Wales,W92000004,01/11/2020,819,51691
nation,Wales,W92000004,31/10/2020,1301,50872
nation,Wales,W92000004,30/10/2020,1737,49571
nation,Wales,W92000004,29/10/2020,1375,47834
nation,Wales,W92000004,28/10/2020,1414,46459
nation,Wales,W92000004,27/10/2020,1207,45046
nation,Wales,W92000004,26/10/2020,1158,43839
nation,Wales,W92000004,25/10/2020,1104,42681
nation,Wales,W92000004,24/10/2020,1324,41577
nation,Wales,W92000004,23/10/2020,761,40253
nation,Wales,W92000004,22/10/2020,1134,39491
nation,Wales,W92000004,21/10/2020,962,38361
nation,Wales,W92000004,20/10/2020,1148,37400
nation,Wales,W92000004,19/10/2020,626,36253
nation,Wales,W92000004,18/10/2020,950,35628
nation,Wales,W92000004,17/10/2020,674,34679
nation,Wales,W92000004,16/10/2020,979,34005
nation,Wales,W92000004,15/10/2020,727,33041
nation,Wales,W92000004,14/10/2020,946,32316
nation,Wales,W92000004,13/10/2020,764,31370
nation,Wales,W92000004,12/10/2020,487,30608
nation,Wales,W92000004,11/10/2020,467,30121
nation,Wales,W92000004,10/10/2020,627,29654
nation,Wales,W92000004,09/10/2020,766,29028
nation,Wales,W92000004,08/10/2020,638,28262
nation,Wales,W92000004,07/10/2020,752,27624
nation,Wales,W92000004,06/10/2020,425,26872
nation,Wales,W92000004,05/10/2020,596,26447
nation,Wales,W92000004,04/10/2020,432,25852
nation,Wales,W92000004,03/10/2020,576,25420
nation,Wales,W92000004,02/10/2020,462,24845
nation,Wales,W92000004,01/10/2020,398,24383
nation,Wales,W92000004,30/09/2020,388,23985
nation,Wales,W92000004,29/09/2020,366,23597
nation,Wales,W92000004,28/09/2020,286,23231
nation,Wales,W92000004,27/09/2020,362,22945
nation,Wales,W92000004,26/09/2020,370,22584
nation,Wales,W92000004,25/09/2020,320,22215
nation,Wales,W92000004,24/09/2020,348,21896
nation,Wales,W92000004,23/09/2020,389,21548
nation,Wales,W92000004,22/09/2020,281,21159
nation,Wales,W92000004,21/09/2020,234,20878
nation,Wales,W92000004,20/09/2020,199,20644
nation,Wales,W92000004,19/09/2020,212,20445
nation,Wales,W92000004,18/09/2020,185,20233
nation,Wales,W92000004,17/09/2020,168,20048
nation,Wales,W92000004,16/09/2020,199,19880
nation,Wales,W92000004,15/09/2020,110,19681
nation,Wales,W92000004,14/09/2020,183,19573
nation,Wales,W92000004,13/09/2020,162,19390
nation,Wales,W92000004,12/09/2020,164,19228
nation,Wales,W92000004,11/09/2020,133,19064
nation,Wales,W92000004,10/09/2020,102,18931
nation,Wales,W92000004,09/09/2020,165,18829
nation,Wales,W92000004,08/09/2020,150,18664
nation,Wales,W92000004,07/09/2020,133,18514
nation,Wales,W92000004,06/09/2020,98,18381
nation,Wales,W92000004,05/09/2020,77,18283
nation,Wales,W92000004,04/09/2020,51,18206
nation,Wales,W92000004,03/09/2020,50,18155
nation,Wales,W92000004,02/09/2020,42,18105
nation,Wales,W92000004,01/09/2020,51,18063
nation,Wales,W92000004,31/08/2020,39,18012
nation,Wales,W92000004,30/08/2020,56,17973
nation,Wales,W92000004,29/08/2020,40,17917
nation,Wales,W92000004,28/08/2020,34,17877
nation,Wales,W92000004,27/08/2020,35,17843
nation,Wales,W92000004,26/08/2020,34,17808
nation,Wales,W92000004,25/08/2020,28,17774
nation,Wales,W92000004,24/08/2020,19,17746
nation,Wales,W92000004,23/08/2020,20,17727
nation,Wales,W92000004,22/08/2020,34,17707
nation,Wales,W92000004,21/08/2020,34,17673
nation,Wales,W92000004,20/08/2020,19,17639
nation,Wales,W92000004,19/08/2020,21,17620
nation,Wales,W92000004,18/08/2020,24,17599
nation,Wales,W92000004,17/08/2020,14,17575
nation,Wales,W92000004,16/08/2020,18,17561
nation,Wales,W92000004,15/08/2020,27,17543
nation,Wales,W92000004,14/08/2020,18,17516
nation,Wales,W92000004,13/08/2020,15,17499
nation,Wales,W92000004,12/08/2020,8,17484
nation,Wales,W92000004,11/08/2020,13,17476
nation,Wales,W92000004,10/08/2020,12,17463
nation,Wales,W92000004,09/08/2020,26,17451
nation,Wales,W92000004,08/08/2020,19,17425
nation,Wales,W92000004,07/08/2020,17,17406
nation,Wales,W92000004,06/08/2020,15,17389
nation,Wales,W92000004,05/08/2020,14,17374
nation,Wales,W92000004,04/08/2020,22,17361
nation,Wales,W92000004,03/08/2020,24,17339
nation,Wales,W92000004,02/08/2020,37,17315
nation,Wales,W92000004,01/08/2020,21,17279
nation,Wales,W92000004,31/07/2020,26,17258
nation,Wales,W92000004,30/07/2020,9,17232
nation,Wales,W92000004,29/07/2020,32,17223
nation,Wales,W92000004,28/07/2020,21,17191
nation,Wales,W92000004,27/07/2020,45,17170
nation,Wales,W92000004,26/07/2020,22,17125
nation,Wales,W92000004,25/07/2020,30,17105
nation,Wales,W92000004,24/07/2020,45,17075
nation,Wales,W92000004,23/07/2020,43,17030
nation,Wales,W92000004,22/07/2020,22,16987
nation,Wales,W92000004,21/07/2020,22,16965
nation,Wales,W92000004,20/07/2020,15,16943
nation,Wales,W92000004,19/07/2020,31,16928
nation,Wales,W92000004,18/07/2020,10,16897
nation,Wales,W92000004,17/07/2020,16,16887
nation,Wales,W92000004,16/07/2020,18,16871
nation,Wales,W92000004,15/07/2020,18,16854
nation,Wales,W92000004,14/07/2020,21,16836
nation,Wales,W92000004,13/07/2020,11,15973
nation,Wales,W92000004,12/07/2020,16,15962
nation,Wales,W92000004,11/07/2020,7,15946
nation,Wales,W92000004,10/07/2020,10,15939
nation,Wales,W92000004,09/07/2020,16,15929
nation,Wales,W92000004,08/07/2020,13,15913
nation,Wales,W92000004,07/07/2020,2,15900
nation,Wales,W92000004,06/07/2020,8,15898
nation,Wales,W92000004,05/07/2020,15,15890
nation,Wales,W92000004,04/07/2020,34,15875
nation,Wales,W92000004,03/07/2020,26,15841
nation,Wales,W92000004,02/07/2020,41,15815
nation,Wales,W92000004,01/07/2020,32,15775
nation,Wales,W92000004,30/06/2020,26,15743
nation,Wales,W92000004,29/06/2020,116,15717
nation,Wales,W92000004,28/06/2020,25,15602
nation,Wales,W92000004,27/06/2020,46,15577
nation,Wales,W92000004,26/06/2020,65,15531
nation,Wales,W92000004,25/06/2020,125,15466
nation,Wales,W92000004,24/06/2020,47,15341
nation,Wales,W92000004,23/06/2020,51,15295
nation,Wales,W92000004,22/06/2020,71,15197
nation,Wales,W92000004,21/06/2020,100,15126
nation,Wales,W92000004,20/06/2020,25,15026
nation,Wales,W92000004,19/06/2020,31,15001
nation,Wales,W92000004,18/06/2020,48,14970
nation,Wales,W92000004,17/06/2020,53,14922
nation,Wales,W92000004,16/06/2020,65,14869
nation,Wales,W92000004,15/06/2020,62,14804
nation,Wales,W92000004,14/06/2020,39,14742
nation,Wales,W92000004,13/06/2020,45,14703
nation,Wales,W92000004,12/06/2020,77,14658
nation,Wales,W92000004,11/06/2020,63,14581
nation,Wales,W92000004,10/06/2020,38,14518
nation,Wales,W92000004,09/06/2020,42,14480
nation,Wales,W92000004,08/06/2020,42,14438
nation,Wales,W92000004,07/06/2020,40,14396
nation,Wales,W92000004,06/06/2020,42,14356
nation,Wales,W92000004,05/06/2020,76,14314
nation,Wales,W92000004,04/06/2020,35,14238
nation,Wales,W92000004,03/06/2020,82,14203
nation,Wales,W92000004,02/06/2020,67,14121
nation,Wales,W92000004,01/06/2020,59,14054
nation,Wales,W92000004,31/05/2020,82,13995
nation,Wales,W92000004,30/05/2020,86,13913
nation,Wales,W92000004,29/05/2020,102,13827
nation,Wales,W92000004,28/05/2020,72,13725
nation,Wales,W92000004,27/05/2020,97,13653
nation,Wales,W92000004,26/05/2020,141,13556
nation,Wales,W92000004,25/05/2020,106,13415
nation,Wales,W92000004,24/05/2020,140,13309
nation,Wales,W92000004,23/05/2020,185,13169
nation,Wales,W92000004,22/05/2020,138,12984
nation,Wales,W92000004,21/05/2020,166,12846
nation,Wales,W92000004,20/05/2020,110,12680
nation,Wales,W92000004,19/05/2020,166,12570
nation,Wales,W92000004,18/05/2020,101,12404
nation,Wales,W92000004,17/05/2020,162,12304
nation,Wales,W92000004,16/05/2020,183,12142
nation,Wales,W92000004,15/05/2020,126,11960
nation,Wales,W92000004,14/05/2020,128,11834
nation,Wales,W92000004,13/05/2020,133,11706
nation,Wales,W92000004,12/05/2020,105,11573
nation,Wales,W92000004,11/05/2020,124,11468
nation,Wales,W92000004,10/05/2020,223,11344
nation,Wales,W92000004,09/05/2020,118,11121
nation,Wales,W92000004,08/05/2020,152,11003
nation,Wales,W92000004,07/05/2020,87,10851
nation,Wales,W92000004,06/05/2020,95,10764
nation,Wales,W92000004,05/05/2020,145,10669
nation,Wales,W92000004,04/05/2020,195,10524
nation,Wales,W92000004,03/05/2020,174,10329
nation,Wales,W92000004,02/05/2020,183,10155
nation,Wales,W92000004,01/05/2020,160,9972
nation,Wales,W92000004,30/04/2020,183,9812
nation,Wales,W92000004,29/04/2020,117,9629
nation,Wales,W92000004,28/04/2020,232,9512
nation,Wales,W92000004,27/04/2020,203,9280
nation,Wales,W92000004,26/04/2020,178,9078
nation,Wales,W92000004,25/04/2020,299,8900
nation,Wales,W92000004,24/04/2020,243,8601
nation,Wales,W92000004,23/04/2020,234,8358
nation,Wales,W92000004,22/04/2020,274,8124
nation,Wales,W92000004,21/04/2020,304,7850
nation,Wales,W92000004,20/04/2020,276,7546
nation,Wales,W92000004,19/04/2020,334,7270
nation,Wales,W92000004,18/04/2020,292,6936
nation,Wales,W92000004,17/04/2020,244,6645
nation,Wales,W92000004,16/04/2020,284,6401
nation,Wales,W92000004,15/04/2020,272,6118
nation,Wales,W92000004,14/04/2020,238,5848
nation,Wales,W92000004,13/04/2020,313,5610
nation,Wales,W92000004,12/04/2020,367,5297
nation,Wales,W92000004,11/04/2020,340,4930
nation,Wales,W92000004,10/04/2020,502,4591
nation,Wales,W92000004,09/04/2020,16,4089
nation,Wales,W92000004,08/04/2020,283,4073
nation,Wales,W92000004,07/04/2020,291,3790
nation,Wales,W92000004,06/04/2020,302,3499
nation,Wales,W92000004,05/04/2020,344,3197
nation,Wales,W92000004,04/04/2020,387,2853
nation,Wales,W92000004,03/04/2020,345,2466
nation,Wales,W92000004,02/04/2020,284,2121
nation,Wales,W92000004,01/04/2020,274,1837
nation,Wales,W92000004,31/03/2020,112,1563
nation,Wales,W92000004,30/03/2020,210,1451
nation,Wales,W92000004,29/03/2020,148,1241
nation,Wales,W92000004,28/03/2020,172,1093
nation,Wales,W92000004,27/03/2020,180,921
nation,Wales,W92000004,26/03/2020,113,741
nation,Wales,W92000004,25/03/2020,150,628
nation,Wales,W92000004,24/03/2020,60,478
nation,Wales,W92000004,23/03/2020,71,418
nation,Wales,W92000004,22/03/2020,67,347
nation,Wales,W92000004,21/03/2020,89,280
nation,Wales,W92000004,20/03/2020,21,191
nation,Wales,W92000004,19/03/2020,21,170
nation,Wales,W92000004,18/03/2020,13,149
nation,Wales,W92000004,17/03/2020,12,136
nation,Wales,W92000004,16/03/2020,30,124
nation,Wales,W92000004,15/03/2020,34,94
nation,Wales,W92000004,14/03/2020,22,60
nation,Wales,W92000004,13/03/2020,13,38
nation,Wales,W92000004,12/03/2020,10,25
nation,Wales,W92000004,11/03/2020,9,15
nation,Wales,W92000004,10/03/2020,2,6
nation,Wales,W92000004,09/03/2020,2,4
nation,Wales,W92000004,08/03/2020,0,2
nation,Wales,W92000004,07/03/2020,0,2
nation,Wales,W92000004,06/03/2020,0,2
nation,Wales,W92000004,05/03/2020,1,2
nation,Wales,W92000004,04/03/2020,0,1
nation,Wales,W92000004,03/03/2020,0,1
nation,Wales,W92000004,02/03/2020,0,1
nation,Wales,W92000004,01/03/2020,0,1
nation,Wales,W92000004,29/02/2020,0,1
nation,Wales,W92000004,28/02/2020,1,1
